id,name,primary_attr,attack_type,roles,img,icon,base_health,base_health_regen,base_mana,base_mana_regen,base_armor,base_mr,base_attack_min,base_attack_max,base_str,base_agi,base_int,str_gain,agi_gain,int_gain,attack_range,projectile_speed,attack_rate,base_attack_time,attack_point,move_speed,cm_enabled,legs,day_vision,night_vision,localized_name,1_pick,1_win,2_pick,2_win,3_pick,3_win,4_pick,4_win,5_pick,5_win,6_pick,6_win,7_pick,7_win,8_pick,8_win,turbo_picks,turbo_picks_trend,turbo_wins,turbo_wins_trend,pro_pick,pro_win,pro_ban,pub_pick,pub_pick_trend,pub_win,pub_win_trend
1,antimage,agi,Melee,"['Carry', 'Escape', 'Nuker']",/apps/dota2/images/dota_react/heroes/antimage.png?,/apps/dota2/images/dota_react/heroes/icons/antimage.png?,120,1.0,75,0.0,1,25,29,33,21,24,12,1.6,2.8,1.8,150,0,1.4,100,0.3,310,True,2,1800,800,Anti-Mage,21611,11022,63933,32754,82683,42136,81126,41224,61706,31143,38799,19788,22249,11106,10959,5363,150287,"[20345, 20650, 21175, 23999, 26499, 26284, 11335]",78349,"[10569, 10809, 11080, 12507, 13821, 13684, 5879]",189,97,383,416683,"[56794, 58714, 58837, 63084, 72108, 74392, 32754]",211225,"[28666, 29779, 29777, 31967, 36735, 37719, 16582]"
2,axe,str,Melee,"['Initiator', 'Durable', 'Disabler', 'Carry']",/apps/dota2/images/dota_react/heroes/axe.png?,/apps/dota2/images/dota_react/heroes/icons/axe.png?,120,2.5,75,0.0,0,25,31,35,25,20,18,2.8,1.7,1.6,150,900,1.7,100,0.4,315,True,2,1800,800,Axe,27687,14510,77591,40535,99596,50961,98221,49619,76273,37950,47919,23722,28549,14188,13216,6474,166661,"[22961, 23587, 23364, 25122, 29257, 30027, 12343]",85599,"[11871, 12122, 11978, 12865, 14970, 15443, 6350]",358,155,344,506991,"[70281, 71552, 71150, 75685, 88255, 91546, 38522]",257787,"[35544, 36520, 36331, 38553, 44796, 46586, 19457]"
3,bane,all,Ranged,"['Support', 'Disabler', 'Nuker', 'Durable']",/apps/dota2/images/dota_react/heroes/bane.png?,/apps/dota2/images/dota_react/heroes/icons/bane.png?,120,0.25,75,0.0,1,25,24,30,23,23,23,2.7,2.7,2.7,400,900,1.7,100,0.3,305,True,4,1800,1200,Bane,3803,1811,9280,4484,11637,5591,11913,5910,9865,5005,6559,3365,4732,2427,2904,1476,32521,"[4393, 4489, 4609, 4838, 5760, 6054, 2378]",15183,"[1978, 2094, 2181, 2234, 2714, 2862, 1120]",97,42,85,67996,"[9369, 9729, 9440, 10169, 11847, 12306, 5136]",33526,"[4629, 4807, 4656, 4956, 5865, 6074, 2539]"
4,bloodseeker,agi,Melee,"['Carry', 'Disabler', 'Nuker', 'Initiator']",/apps/dota2/images/dota_react/heroes/bloodseeker.png?,/apps/dota2/images/dota_react/heroes/icons/bloodseeker.png?,120,0.25,75,0.0,2,25,35,41,24,24,17,2.7,3.1,2.0,150,900,1.7,100,0.43,285,True,2,1800,800,Bloodseeker,12769,6507,23612,12029,23891,12132,20388,10456,14119,7157,8362,4280,4528,2324,1927,926,66091,"[8874, 9461, 9365, 9942, 11618, 11994, 4837]",32504,"[4351, 4607, 4659, 4811, 5636, 6003, 2437]",77,39,108,130990,"[18277, 18652, 18387, 19418, 22885, 23223, 10148]",66590,"[9331, 9445, 9290, 9932, 11620, 11760, 5212]"
5,crystal_maiden,int,Ranged,"['Support', 'Disabler', 'Nuker']",/apps/dota2/images/dota_react/heroes/crystal_maiden.png?,/apps/dota2/images/dota_react/heroes/icons/crystal_maiden.png?,120,0.25,75,0.0,0,25,30,36,17,16,18,2.2,1.8,3.3,600,900,1.7,100,0.45,280,True,2,1800,800,Crystal Maiden,23201,11972,56149,28246,66569,32916,63585,31324,49073,23854,31308,15334,19790,9631,10725,5169,146161,"[20440, 20631, 20548, 22290, 25733, 26382, 10137]",73134,"[10291, 10263, 10292, 11111, 12887, 13237, 5053]",268,127,41,350159,"[48889, 49733, 48616, 52242, 60979, 63089, 26611]",173715,"[24334, 24561, 23948, 25880, 30449, 31336, 13207]"
6,drow_ranger,agi,Ranged,"['Carry', 'Disabler', 'Pusher']",/apps/dota2/images/dota_react/heroes/drow_ranger.png?,/apps/dota2/images/dota_react/heroes/icons/drow_ranger.png?,120,0.25,75,0.0,0,25,29,36,16,22,15,1.9,2.9,1.4,625,1250,1.7,100,0.5,310,True,2,1800,800,Drow Ranger,27535,13437,63303,31362,76280,38189,74885,37767,56886,28696,35533,17876,20288,10130,8672,4270,235277,"[32613, 33345, 33168, 35748, 40978, 42394, 17031]",125279,"[17220, 17838, 17606, 19092, 21912, 22549, 9062]",232,119,250,403325,"[55963, 57188, 56612, 59864, 70268, 72436, 30994]",201483,"[28097, 28629, 28117, 29901, 35265, 36161, 15313]"
7,earthshaker,str,Melee,"['Support', 'Initiator', 'Disabler', 'Nuker']",/apps/dota2/images/dota_react/heroes/earthshaker.png?,/apps/dota2/images/dota_react/heroes/icons/earthshaker.png?,120,1.0,75,0.0,2,25,27,37,22,12,18,3.7,1.4,2.1,150,0,1.7,100,0.467,315,True,2,1800,800,Earthshaker,26646,13069,67536,32656,87539,42877,92949,45890,78314,39359,53400,27240,33770,17264,19150,9861,216219,"[29774, 30992, 30712, 33226, 37365, 37923, 16227]",103436,"[14159, 14892, 14886, 15849, 17871, 18005, 7774]",307,137,208,501001,"[69249, 71487, 71196, 75309, 85534, 88423, 39803]",248725,"[34265, 35497, 35278, 37406, 42473, 43874, 19932]"
8,juggernaut,agi,Melee,"['Carry', 'Pusher', 'Escape']",/apps/dota2/images/dota_react/heroes/juggernaut.png?,/apps/dota2/images/dota_react/heroes/icons/juggernaut.png?,120,0.5,75,0.0,0,25,22,24,20,34,14,2.0,2.8,1.4,150,0,1.4,110,0.33,300,True,2,1800,800,Juggernaut,28242,14681,76124,39871,99031,52591,98419,52030,73910,39260,44302,23282,24268,12633,9563,4903,228768,"[31281, 32027, 31784, 34451, 40209, 41420, 17596]",121618,"[16754, 17037, 16957, 18306, 21223, 22010, 9331]",227,117,128,496654,"[68076, 69709, 69018, 73607, 86320, 90324, 39600]",261160,"[35475, 36680, 36332, 38709, 45586, 47587, 20791]"
9,mirana,agi,Ranged,"['Carry', 'Support', 'Escape', 'Nuker', 'Disabler']",/apps/dota2/images/dota_react/heroes/mirana.png?,/apps/dota2/images/dota_react/heroes/icons/mirana.png?,120,0.25,75,0.4,-2,25,22,28,20,26,22,2.2,3.1,1.9,630,900,1.7,100,0.35,285,True,2,1800,800,Mirana,9541,4872,27872,14177,37518,19242,38702,19800,30459,15616,20201,10342,12828,6652,7210,3757,79128,"[10853, 11122, 11092, 11782, 13909, 14462, 5908]",41113,"[5630, 5821, 5831, 6097, 7163, 7456, 3115]",154,80,36,200675,"[28580, 28765, 27820, 29865, 34620, 35215, 15810]",102849,"[14581, 14691, 14310, 15388, 17762, 18007, 8110]"
10,morphling,agi,Ranged,"['Carry', 'Escape', 'Durable', 'Nuker', 'Disabler']",/apps/dota2/images/dota_react/heroes/morphling.png?,/apps/dota2/images/dota_react/heroes/icons/morphling.png?,120,0.5,75,0.5,-2,25,12,21,23,24,19,3.2,3.9,1.8,350,1300,1.5,100,0.5,285,True,0,1800,800,Morphling,10324,5057,31006,15092,43805,21325,49294,23921,44655,21892,33841,16795,24832,12523,18855,9748,106563,"[14040, 14493, 14985, 16929, 18837, 18922, 8357]",51364,"[6823, 6997, 7157, 8064, 9180, 9145, 3998]",236,121,384,271980,"[36915, 38223, 38583, 41592, 47410, 47755, 21502]",133879,"[18101, 18886, 19004, 20389, 23233, 23537, 10729]"
11,nevermore,agi,Ranged,"['Carry', 'Nuker']",/apps/dota2/images/dota_react/heroes/nevermore.png?,/apps/dota2/images/dota_react/heroes/icons/nevermore.png?,120,0.25,75,0.3,1,25,16,22,19,25,18,2.7,3.5,2.2,525,1200,1.6,100,0.5,305,True,0,1800,800,Shadow Fiend,22175,10693,53817,26541,63403,31021,60488,29362,45971,22550,28908,14122,16635,7998,8522,4135,205822,"[28086, 28763, 29326, 31977, 36072, 36540, 15058]",97943,"[13343, 13590, 13894, 15237, 17319, 17456, 7104]",237,113,192,333458,"[45531, 46826, 47573, 50936, 58065, 59265, 25262]",162366,"[22386, 22709, 23197, 24687, 28289, 28885, 12213]"
12,phantom_lancer,agi,Melee,"['Carry', 'Escape', 'Pusher', 'Nuker']",/apps/dota2/images/dota_react/heroes/phantom_lancer.png?,/apps/dota2/images/dota_react/heroes/icons/phantom_lancer.png?,120,1.5,75,0.0,0,25,26,36,21,26,21,2.2,2.8,1.8,225,900,1.7,110,0.5,285,True,2,1800,800,Phantom Lancer,11976,6019,24838,12062,23767,11349,18390,8499,11244,5136,5914,2712,2884,1250,1320,565,74666,"[9960, 10304, 10164, 11137, 13014, 14178, 5909]",38586,"[5234, 5304, 5319, 5695, 6755, 7330, 2949]",62,35,55,117117,"[15820, 16130, 16111, 17300, 20544, 21870, 9342]",55997,"[7529, 7708, 7768, 8207, 9870, 10390, 4525]"
13,puck,int,Ranged,"['Initiator', 'Disabler', 'Escape', 'Nuker']",/apps/dota2/images/dota_react/heroes/puck.png?,/apps/dota2/images/dota_react/heroes/icons/puck.png?,120,0.5,75,0.5,0,25,22,30,17,14,23,2.4,2.5,3.8,550,900,1.7,100,0.5,290,True,2,1800,800,Puck,7743,3701,23663,11211,37048,17745,45618,22316,42914,21125,31976,15716,22162,11016,14762,7337,76540,"[10637, 10782, 10754, 11467, 13361, 13581, 5958]",36244,"[4998, 5111, 5167, 5451, 6236, 6435, 2846]",271,129,748,240239,"[33260, 34323, 34012, 35861, 41202, 42503, 19078]",116983,"[16082, 16668, 16533, 17529, 20105, 20759, 9307]"
14,pudge,str,Melee,"['Disabler', 'Initiator', 'Durable', 'Nuker']",/apps/dota2/images/dota_react/heroes/pudge.png?,/apps/dota2/images/dota_react/heroes/icons/pudge.png?,120,2.5,75,0.0,0,25,45,51,25,11,16,3.0,1.4,1.8,175,0,1.7,100,0.5,280,True,2,1800,800,Pudge,45478,23420,130345,66308,162976,81467,159674,78917,128133,62795,86884,42226,60017,29232,34887,16912,502410,"[68950, 71142, 70785, 76749, 87879, 89741, 37164]",254303,"[34812, 35857, 35657, 39113, 44463, 45607, 18794]",457,233,340,870954,"[120211, 123384, 122213, 130340, 150956, 155307, 68543]",433725,"[60125, 61302, 60892, 64942, 74933, 77317, 34214]"
15,razor,agi,Ranged,"['Carry', 'Durable', 'Nuker', 'Pusher']",/apps/dota2/images/dota_react/heroes/razor.png?,/apps/dota2/images/dota_react/heroes/icons/razor.png?,120,1.0,75,0.0,0,25,23,25,22,24,21,2.8,2.8,2.2,475,2000,1.7,100,0.3,280,True,0,1800,800,Razor,14418,7331,32227,16294,37650,19044,38118,18830,29915,14594,18978,9231,11065,5369,5463,2663,96200,"[13375, 13732, 13689, 14908, 16664, 16540, 7292]",49101,"[6640, 7004, 6996, 7590, 8601, 8492, 3778]",212,107,172,209748,"[28373, 29489, 29675, 31990, 36525, 36997, 16699]",104479,"[13963, 14568, 14760, 15976, 18267, 18545, 8400]"
16,sand_king,all,Melee,"['Initiator', 'Disabler', 'Support', 'Nuker', 'Escape']",/apps/dota2/images/dota_react/heroes/sand_king.png?,/apps/dota2/images/dota_react/heroes/icons/sand_king.png?,120,0.25,75,0.0,1,25,19,29,22,19,17,2.3,2.0,2.0,150,900,1.7,110,0.53,290,True,6,1800,800,Sand King,8391,4300,19769,9848,24152,11748,23859,11332,18985,8917,12543,5816,7336,3373,3653,1630,66690,"[8861, 9035, 8998, 9900, 13194, 11840, 4862]",34220,"[4540, 4631, 4585, 5147, 6820, 6001, 2496]",139,58,95,133069,"[18744, 18853, 18728, 19644, 23212, 23767, 10121]",64204,"[9168, 8982, 9054, 9337, 11286, 11499, 4878]"
17,storm_spirit,int,Ranged,"['Carry', 'Escape', 'Nuker', 'Initiator', 'Disabler']",/apps/dota2/images/dota_react/heroes/storm_spirit.png?,/apps/dota2/images/dota_react/heroes/icons/storm_spirit.png?,120,0.5,75,0.0,1,25,24,34,21,22,23,2.0,2.6,3.9,480,1100,1.6,115,0.5,285,True,2,1800,800,Storm Spirit,12247,5889,32347,15459,44113,21371,47908,22821,40406,19414,28717,13780,19114,9164,11249,5360,105730,"[14195, 14859, 14808, 15765, 18489, 18865, 8749]",52550,"[7121, 7404, 7322, 7864, 9068, 9384, 4387]",259,125,499,253985,"[35927, 36551, 35409, 37286, 44180, 44688, 19944]",121828,"[17285, 17354, 16976, 17948, 21201, 21402, 9662]"
18,sven,str,Melee,"['Carry', 'Disabler', 'Initiator', 'Durable', 'Nuker']",/apps/dota2/images/dota_react/heroes/sven.png?,/apps/dota2/images/dota_react/heroes/icons/sven.png?,120,0.75,75,0.0,0,25,37,39,23,18,16,3.5,2.2,1.5,150,0,1.9,110,0.4,325,True,2,1800,800,Sven,12463,6197,32447,16000,41429,20425,42431,20939,35286,17108,24880,12069,16393,7933,10200,4829,78220,"[10671, 11319, 10979, 12239, 13583, 13720, 5709]",39239,"[5290, 5715, 5528, 6154, 6787, 6903, 2862]",250,131,97,235982,"[32716, 34801, 33562, 35342, 40870, 40667, 18024]",115766,"[15874, 16975, 16633, 17327, 20027, 19990, 8940]"
19,tiny,str,Melee,"['Carry', 'Nuker', 'Pusher', 'Initiator', 'Durable', 'Disabler']",/apps/dota2/images/dota_react/heroes/tiny.png?,/apps/dota2/images/dota_react/heroes/icons/tiny.png?,120,2.0,75,0.0,0,25,31,37,30,0,17,4.0,0.0,2.2,150,900,1.7,90,0.4,275,True,2,1800,800,Tiny,15345,7357,42176,19900,61298,29340,71340,34128,67527,32470,50928,24603,36640,17891,25793,12483,109539,"[15234, 15571, 15685, 16361, 19118, 19452, 8118]",50607,"[6942, 7045, 7243, 7673, 8961, 8994, 3749]",688,347,782,395075,"[55159, 56803, 56361, 58373, 67806, 68734, 31839]",189898,"[26490, 27304, 26858, 28416, 32388, 33141, 15301]"
20,vengefulspirit,agi,Ranged,"['Support', 'Initiator', 'Disabler', 'Nuker', 'Escape']",/apps/dota2/images/dota_react/heroes/vengefulspirit.png?,/apps/dota2/images/dota_react/heroes/icons/vengefulspirit.png?,120,0.25,75,0.0,0,25,26,32,20,21,19,2.6,3.2,1.5,400,1500,1.7,110,0.33,295,True,2,1800,800,Vengeful Spirit,9550,5094,28201,14713,39225,20702,42535,22423,34883,18257,21983,11624,12682,6570,5454,2855,85756,"[11880, 12009, 11952, 13028, 15284, 15638, 5965]",47591,"[6592, 6745, 6711, 7238, 8514, 8600, 3191]",235,111,51,210659,"[28775, 29676, 29435, 31558, 37283, 38264, 15668]",110515,"[15120, 15534, 15367, 16611, 19641, 20149, 8093]"
21,windrunner,all,Ranged,"['Carry', 'Support', 'Disabler', 'Escape', 'Nuker']",/apps/dota2/images/dota_react/heroes/windrunner.png?,/apps/dota2/images/dota_react/heroes/icons/windrunner.png?,120,0.25,75,0.25,0,25,21,33,18,17,18,2.6,1.7,3.2,600,1250,1.5,90,0.4,290,True,2,1800,800,Windranger,17783,8361,41301,19244,51895,24034,51496,23734,42358,19342,28144,12983,17391,7981,9539,4406,138431,"[18431, 19417, 19072, 20780, 24855, 25567, 10309]",65517,"[8722, 9176, 9015, 9802, 11835, 12110, 4857]",223,124,198,287049,"[39361, 40273, 40063, 42139, 50220, 52531, 22462]",133008,"[18221, 18734, 18599, 19359, 23409, 24326, 10360]"
22,zuus,int,Ranged,"['Nuker', 'Carry']",/apps/dota2/images/dota_react/heroes/zuus.png?,/apps/dota2/images/dota_react/heroes/icons/zuus.png?,120,0.25,75,0.0,2,25,33,41,19,11,22,2.1,1.2,3.3,380,1100,1.7,100,0.35,315,True,2,1800,800,Zeus,24771,12461,66927,33977,88133,44428,91991,45924,75869,37859,50453,25150,33282,16348,19500,9665,229399,"[31431, 32338, 32274, 34597, 39919, 41362, 17478]",114110,"[15653, 16175, 16084, 17102, 19797, 20644, 8655]",397,201,246,488723,"[68526, 69938, 69021, 72333, 83809, 86841, 38255]",244690,"[34528, 34897, 34656, 36102, 41915, 43519, 19073]"
23,kunkka,str,Melee,"['Carry', 'Support', 'Disabler', 'Initiator', 'Durable', 'Nuker']",/apps/dota2/images/dota_react/heroes/kunkka.png?,/apps/dota2/images/dota_react/heroes/icons/kunkka.png?,120,0.75,75,0.0,2,25,30,36,24,14,18,3.6,1.6,1.8,150,900,1.7,100,0.4,315,True,2,1800,800,Kunkka,6152,2910,15087,6975,18907,8838,18901,8971,14496,6973,8582,3986,4947,2351,2221,1057,46509,"[6354, 6323, 6266, 6840, 7958, 9520, 3248]",21362,"[2882, 2893, 2819, 3142, 3654, 4418, 1554]",85,42,26,100345,"[13738, 14328, 13992, 14926, 17256, 18373, 7732]",47455,"[6528, 6803, 6627, 6948, 8193, 8712, 3644]"
25,lina,int,Ranged,"['Support', 'Carry', 'Nuker', 'Disabler']",/apps/dota2/images/dota_react/heroes/lina.png?,/apps/dota2/images/dota_react/heroes/icons/lina.png?,120,0.25,75,0.0,0,25,21,29,20,23,30,2.4,2.4,3.8,670,1000,1.6,100,0.65,290,True,2,1800,800,Lina,19542,8689,39975,17896,46093,20294,42107,18616,29798,13209,17133,7544,8539,3787,3702,1578,118918,"[16522, 16789, 16803, 17917, 21009, 21173, 8705]",52621,"[7264, 7548, 7371, 7923, 9236, 9386, 3893]",167,87,175,237031,"[33285, 33728, 33139, 35473, 40737, 42585, 18084]",105264,"[14932, 15030, 14756, 15818, 17910, 18798, 8020]"
26,lion,int,Ranged,"['Support', 'Disabler', 'Nuker', 'Initiator']",/apps/dota2/images/dota_react/heroes/lion.png?,/apps/dota2/images/dota_react/heroes/icons/lion.png?,120,0.5,75,0.0,0,25,29,35,18,15,19,2.4,1.7,3.5,600,900,1.7,115,0.43,290,True,2,1800,800,Lion,39417,19513,115744,56941,152822,75549,155450,76810,121774,60107,75881,37353,44233,21850,20896,10454,330340,"[45025, 46827, 46773, 49879, 57192, 59794, 24850]",160386,"[21855, 22850, 22630, 24279, 27628, 29039, 12105]",557,265,173,778862,"[107298, 110328, 109959, 116846, 134747, 139744, 59940]",384919,"[52868, 54700, 54228, 57811, 66507, 69094, 29711]"
27,shadow_shaman,int,Ranged,"['Support', 'Pusher', 'Disabler', 'Nuker', 'Initiator']",/apps/dota2/images/dota_react/heroes/shadow_shaman.png?,/apps/dota2/images/dota_react/heroes/icons/shadow_shaman.png?,120,1.0,75,0.0,3,25,40,47,20,16,25,2.3,1.6,3.5,400,900,1.7,100,0.3,285,True,2,1800,800,Shadow Shaman,28508,14865,76149,39527,97664,50814,96037,49963,76041,39947,48626,25445,31470,16618,17472,9200,154760,"[21739, 21766, 21940, 23575, 26933, 27946, 10861]",79953,"[11229, 11228, 11233, 12200, 13960, 14391, 5712]",606,298,338,507714,"[70501, 72287, 71542, 75803, 88174, 91188, 38219]",264994,"[36648, 37741, 37278, 39856, 45931, 47613, 19927]"
28,slardar,str,Melee,"['Carry', 'Durable', 'Initiator', 'Disabler', 'Escape']",/apps/dota2/images/dota_react/heroes/slardar.png?,/apps/dota2/images/dota_react/heroes/icons/slardar.png?,120,0.5,75,0.0,3,25,30,38,21,17,15,3.6,2.1,1.5,150,0,1.7,100,0.36,300,True,0,1800,800,Slardar,13434,6946,34482,17423,41151,20755,40975,20714,32774,16569,21309,10703,13483,6699,7206,3621,74974,"[10131, 10536, 10474, 11473, 13179, 13580, 5601]",39375,"[5355, 5598, 5478, 6000, 6949, 7081, 2914]",251,115,171,225910,"[30701, 31304, 31166, 33948, 39714, 40832, 18245]",114328,"[15431, 15842, 15753, 17303, 20218, 20609, 9172]"
29,tidehunter,str,Melee,"['Initiator', 'Durable', 'Disabler', 'Nuker', 'Carry']",/apps/dota2/images/dota_react/heroes/tidehunter.png?,/apps/dota2/images/dota_react/heroes/icons/tidehunter.png?,120,0.25,75,0.5,0,25,25,31,27,15,20,3.6,1.5,1.7,150,900,1.7,100,0.6,300,True,2,1800,800,Tidehunter,15531,8126,48537,25360,72821,38539,83930,44718,73995,39247,52207,27762,35529,18481,21133,10861,107716,"[15401, 14944, 14550, 16075, 19082, 19348, 8316]",57707,"[8366, 7985, 7776, 8515, 10217, 10367, 4481]",633,325,764,425616,"[60811, 60495, 59276, 62813, 73646, 75238, 33337]",224302,"[32117, 31913, 31339, 33276, 38659, 39511, 17487]"
30,witch_doctor,int,Ranged,"['Support', 'Nuker', 'Disabler']",/apps/dota2/images/dota_react/heroes/witch_doctor.png?,/apps/dota2/images/dota_react/heroes/icons/witch_doctor.png?,120,0.25,75,0.0,0,25,26,36,20,13,22,2.1,1.4,3.1,550,1200,1.7,100,0.4,300,True,2,1800,800,Witch Doctor,30212,16159,91287,48792,119108,62883,118166,61905,87562,45020,52435,26644,28508,14280,10989,5346,231987,"[31918, 32911, 32440, 36275, 40600, 41737, 16106]",123994,"[17093, 17515, 17425, 19446, 21794, 22248, 8473]",333,156,180,574545,"[79104, 81623, 80603, 86650, 99719, 104008, 42838]",300221,"[41431, 42566, 42115, 45099, 52387, 54347, 22276]"
31,lich,int,Ranged,"['Support', 'Nuker']",/apps/dota2/images/dota_react/heroes/lich.png?,/apps/dota2/images/dota_react/heroes/icons/lich.png?,120,0.5,75,0.75,-1,25,24,33,20,17,26,2.1,2.0,3.8,550,900,1.7,100,0.46,290,True,2,1800,800,Lich,16349,8476,42656,22254,57375,29710,60092,30659,47928,24097,29847,14825,16198,7958,6129,3048,95102,"[12931, 13225, 13180, 14513, 17041, 17495, 6717]",50201,"[6753, 7039, 7069, 7621, 8959, 9247, 3513]",270,124,135,297556,"[40703, 41885, 41655, 44636, 52706, 53858, 22113]",151749,"[20661, 21450, 21413, 22533, 26940, 27520, 11232]"
32,riki,agi,Melee,"['Carry', 'Escape', 'Disabler']",/apps/dota2/images/dota_react/heroes/riki.png?,/apps/dota2/images/dota_react/heroes/icons/riki.png?,120,2.5,75,0.0,0,25,22,26,18,30,14,2.0,2.4,1.3,150,900,1.7,90,0.3,315,True,2,1800,800,Riki,16738,8492,36760,18424,42094,21445,39400,19929,30364,15311,19487,9575,12642,6305,7213,3531,118919,"[16414, 17054, 16746, 17875, 20700, 21285, 8845]",60006,"[8186, 8560, 8445, 9032, 10548, 10729, 4506]",152,72,142,229689,"[31994, 32469, 31877, 34262, 39585, 41532, 17970]",115654,"[15993, 16281, 16261, 17210, 19845, 21115, 8949]"
33,enigma,all,Ranged,"['Disabler', 'Initiator', 'Pusher']",/apps/dota2/images/dota_react/heroes/enigma.png?,/apps/dota2/images/dota_react/heroes/icons/enigma.png?,120,0.25,75,0.5,1,25,19,25,21,14,19,2.5,1.0,3.6,500,900,1.7,100,0.4,280,True,0,1800,800,Enigma,6468,3167,17294,8582,20835,10254,18682,9290,13251,6620,7970,3954,4500,2270,2519,1279,80218,"[11208, 11209, 11199, 12438, 14338, 14260, 5566]",40285,"[5636, 5601, 5655, 6238, 7230, 7107, 2818]",104,62,136,103328,"[14448, 14502, 14535, 15549, 18145, 18684, 7465]",51077,"[7090, 7119, 7177, 7650, 9069, 9241, 3731]"
34,tinker,int,Ranged,"['Carry', 'Nuker', 'Pusher']",/apps/dota2/images/dota_react/heroes/tinker.png?,/apps/dota2/images/dota_react/heroes/icons/tinker.png?,120,0.25,75,0.5,4,25,22,28,19,17,30,2.3,1.4,3.3,500,900,1.7,100,0.35,310,True,2,1800,800,Tinker,11955,5685,38553,18922,52582,26336,58287,29733,51758,26534,38413,19841,27470,14323,18536,9642,128861,"[16787, 17844, 18428, 20551, 22612, 22779, 9860]",61338,"[7920, 8508, 8683, 9750, 10919, 10871, 4687]",289,160,754,316071,"[43110, 44578, 45079, 48303, 54313, 55679, 25009]",159839,"[21683, 22490, 22876, 24365, 27433, 28250, 12742]"
35,sniper,agi,Ranged,"['Carry', 'Nuker']",/apps/dota2/images/dota_react/heroes/sniper.png?,/apps/dota2/images/dota_react/heroes/icons/sniper.png?,120,0.25,75,0.0,-1,25,13,19,19,27,15,2.0,3.2,2.6,550,3000,1.7,100,0.17,285,True,2,1800,1400,Sniper,42024,20575,106528,52060,132665,64836,126706,62222,92120,44947,53124,25741,29501,14284,13686,6607,366692,"[50627, 52192, 51702, 55792, 63707, 66024, 26648]",180916,"[24941, 25589, 25586, 27542, 31207, 32703, 13348]",373,170,557,658399,"[91118, 93193, 92026, 98113, 113609, 119366, 50974]",321551,"[44512, 45423, 45123, 47795, 55389, 58251, 25058]"
36,necrolyte,int,Ranged,"['Carry', 'Nuker', 'Durable', 'Disabler']",/apps/dota2/images/dota_react/heroes/necrolyte.png?,/apps/dota2/images/dota_react/heroes/icons/necrolyte.png?,120,0.25,75,0.0,2,25,26,30,18,12,23,2.3,1.3,2.7,500,1200,1.7,100,0.3,280,True,2,1800,800,Necrophos,23652,12721,67552,35737,84761,44022,83819,42612,64173,32371,38740,19108,22820,11188,9863,4676,162275,"[21799, 22678, 22878, 24843, 28904, 29071, 12102]",84319,"[11330, 11680, 11860, 12957, 15089, 14973, 6430]",199,105,246,426367,"[59033, 59957, 59358, 63644, 74770, 76315, 33290]",219105,"[30402, 30784, 30441, 32783, 38376, 39020, 17299]"
37,warlock,int,Ranged,"['Support', 'Initiator', 'Disabler']",/apps/dota2/images/dota_react/heroes/warlock.png?,/apps/dota2/images/dota_react/heroes/icons/warlock.png?,120,0.25,75,0.0,1,25,27,37,22,10,25,2.4,1.0,3.1,600,1200,1.7,90,0.3,300,True,2,1800,800,Warlock,14441,7898,43112,23217,58672,30940,60184,31226,46939,23765,31300,15743,19996,9826,13083,6304,102398,"[14231, 14329, 14294, 15424, 17916, 18709, 7495]",56277,"[7688, 7826, 7899, 8571, 9870, 10300, 4123]",405,219,309,306333,"[42980, 43815, 43063, 45538, 53019, 55056, 22862]",158799,"[22280, 22725, 22381, 23527, 27445, 28548, 11893]"
38,beastmaster,all,Melee,"['Initiator', 'Disabler', 'Durable', 'Nuker']",/apps/dota2/images/dota_react/heroes/beastmaster.png?,/apps/dota2/images/dota_react/heroes/icons/beastmaster.png?,120,0.25,75,0.0,-1,25,28,32,25,22,16,2.9,1.9,1.9,150,0,1.7,100,0.3,305,True,2,1800,800,Beastmaster,4134,1903,12657,5865,17083,7966,18269,8608,15516,7236,11988,5667,8946,4266,7070,3511,28528,"[3997, 3959, 4046, 4287, 5041, 5057, 2141]",12605,"[1751, 1713, 1821, 1923, 2186, 2225, 986]",190,86,290,103569,"[14981, 14968, 14984, 15408, 17467, 17937, 7824]",48663,"[7042, 7087, 7130, 7211, 8163, 8412, 3618]"
39,queenofpain,int,Ranged,"['Carry', 'Nuker', 'Escape']",/apps/dota2/images/dota_react/heroes/queenofpain.png?,/apps/dota2/images/dota_react/heroes/icons/queenofpain.png?,120,0.25,75,0.0,0,25,26,32,20,22,25,2.4,2.5,3.4,550,1500,1.5,100,0.56,290,True,2,1800,800,Queen of Pain,16781,8100,52638,25609,80202,39261,90984,44924,79488,39053,54865,27214,35706,17439,20747,10131,160944,"[21492, 22234, 22016, 23872, 28853, 30010, 12467]",77176,"[10271, 10638, 10561, 11393, 13927, 14439, 5947]",413,207,635,457977,"[62410, 63873, 63502, 67553, 80563, 82653, 37423]",224985,"[30700, 31221, 31247, 33196, 39546, 40755, 18320]"
40,venomancer,all,Ranged,"['Support', 'Nuker', 'Initiator', 'Pusher', 'Disabler']",/apps/dota2/images/dota_react/heroes/venomancer.png?,/apps/dota2/images/dota_react/heroes/icons/venomancer.png?,120,0.25,75,0.0,0,25,18,21,19,24,19,2.1,2.8,1.8,450,900,1.7,115,0.3,280,True,0,1800,800,Venomancer,15868,7715,43907,21327,59192,28655,58841,28421,44669,21562,26707,12630,14927,7169,7714,3575,144872,"[20239, 20186, 19722, 21553, 25567, 26515, 11090]",68944,"[9643, 9561, 9382, 10380, 12128, 12567, 5283]",158,79,211,296082,"[41468, 41490, 40696, 43202, 52277, 53158, 23791]",142809,"[20066, 20210, 19620, 20974, 25006, 25534, 11399]"
41,faceless_void,agi,Melee,"['Carry', 'Initiator', 'Disabler', 'Escape', 'Durable']",/apps/dota2/images/dota_react/heroes/faceless_void.png?,/apps/dota2/images/dota_react/heroes/icons/faceless_void.png?,120,1.0,75,0.0,0,25,37,43,20,21,15,2.6,3.3,1.5,150,900,1.7,100,0.5,300,True,2,1800,800,Faceless Void,13960,6525,40122,19216,56262,27368,62742,30916,54391,27254,38514,19420,24975,12682,15152,7702,141938,"[18950, 19958, 20360, 21993, 25081, 24975, 10621]",72281,"[9731, 10214, 10299, 11271, 12677, 12718, 5371]",251,135,163,331812,"[45785, 47708, 47033, 49747, 57357, 58101, 26081]",163320,"[22681, 23579, 23046, 24476, 28202, 28450, 12886]"
42,skeleton_king,str,Melee,"['Carry', 'Support', 'Durable', 'Disabler', 'Initiator']",/apps/dota2/images/dota_react/heroes/skeleton_king.png?,/apps/dota2/images/dota_react/heroes/icons/skeleton_king.png?,120,0.5,75,0.0,1,25,38,40,22,16,18,2.8,1.7,1.6,150,0,1.7,100,0.56,315,True,2,1800,800,Wraith King,21425,12192,60641,34338,75608,42051,70950,38933,51510,27709,28899,15421,14209,7337,5431,2728,138467,"[18720, 19203, 19157, 20803, 24790, 25327, 10467]",78591,"[10726, 11053, 10804, 11820, 13959, 14306, 5923]",138,72,65,358759,"[49274, 50443, 49855, 53375, 62290, 64617, 28905]",197468,"[27144, 27906, 27398, 29362, 34096, 35626, 15936]"
43,death_prophet,all,Ranged,"['Carry', 'Pusher', 'Nuker', 'Disabler']",/apps/dota2/images/dota_react/heroes/death_prophet.png?,/apps/dota2/images/dota_react/heroes/icons/death_prophet.png?,120,0.25,75,0.5,1,25,22,32,21,17,24,2.9,2.0,3.0,600,1000,1.7,100,0.5,290,True,2,1800,800,Death Prophet,9184,4492,19042,9391,22443,11069,23090,11404,18492,9036,12508,6193,8747,4242,4963,2361,47173,"[6763, 6897, 6601, 7099, 8064, 8380, 3369]",23366,"[3367, 3417, 3272, 3510, 4039, 4128, 1633]",197,106,202,132579,"[19232, 18943, 18630, 19754, 22798, 23367, 9855]",65134,"[9449, 9317, 9206, 9780, 11190, 11420, 4772]"
44,phantom_assassin,agi,Melee,"['Carry', 'Escape']",/apps/dota2/images/dota_react/heroes/phantom_assassin.png?,/apps/dota2/images/dota_react/heroes/icons/phantom_assassin.png?,120,1.0,75,0.0,1,25,35,37,19,21,15,2.0,3.4,1.7,150,900,1.7,110,0.3,310,True,2,1800,800,Phantom Assassin,41452,20059,105976,50781,133205,63574,133183,63452,104863,49251,67207,31211,41955,19664,24168,11207,326125,"[44933, 47405, 45602, 49371, 56736, 58281, 23797]",165995,"[23001, 24071, 23313, 24999, 28966, 29624, 12021]",471,214,724,710455,"[99170, 101469, 99771, 106156, 122619, 126748, 54522]",337488,"[47250, 48024, 47634, 50514, 58250, 60338, 25478]"
45,pugna,int,Ranged,"['Nuker', 'Pusher']",/apps/dota2/images/dota_react/heroes/pugna.png?,/apps/dota2/images/dota_react/heroes/icons/pugna.png?,120,0.25,75,0.5,0,25,21,28,19,21,26,2.0,1.3,5.2,630,900,1.7,100,0.5,330,True,2,1800,800,Pugna,8544,3923,19292,9096,23056,10967,21758,10609,16741,8297,10111,5033,6237,3119,3526,1762,57397,"[7877, 8006, 7974, 8758, 10231, 10294, 4257]",26663,"[3600, 3758, 3726, 3990, 4796, 4790, 2003]",142,73,44,121628,"[17006, 17112, 17215, 18090, 21116, 21855, 9234]",58627,"[8210, 8218, 8344, 8734, 10183, 10495, 4443]"
46,templar_assassin,agi,Ranged,"['Carry', 'Escape']",/apps/dota2/images/dota_react/heroes/templar_assassin.png?,/apps/dota2/images/dota_react/heroes/icons/templar_assassin.png?,120,1.0,75,0.0,0,25,30,36,23,23,20,2.4,3.4,2.0,250,1000,1.6,100,0.3,310,True,2,1800,800,Templar Assassin,6872,3018,14591,6259,17543,7625,16769,7251,13351,5933,9076,4128,5458,2451,3179,1461,45413,"[6301, 6354, 6498, 6778, 7873, 8181, 3428]",19353,"[2678, 2750, 2790, 2900, 3384, 3409, 1442]",98,41,93,98530,"[13746, 13978, 14262, 14815, 17015, 17419, 7295]",43385,"[6148, 6156, 6229, 6490, 7567, 7627, 3168]"
47,viper,agi,Ranged,"['Carry', 'Durable', 'Initiator', 'Disabler']",/apps/dota2/images/dota_react/heroes/viper.png?,/apps/dota2/images/dota_react/heroes/icons/viper.png?,120,0.25,75,0.0,-2,25,27,29,21,21,17,2.4,2.7,2.0,575,1200,1.7,120,0.33,275,True,0,1800,800,Viper,22853,11121,44234,21245,46595,22430,40334,19466,27525,13212,15589,7511,8550,4018,3815,1822,141375,"[19948, 20061, 19719, 21340, 24658, 25557, 10092]",68161,"[9639, 9713, 9425, 10339, 11850, 12293, 4902]",199,106,416,242140,"[33750, 34538, 33625, 36007, 41728, 43924, 18568]",116676,"[16333, 16695, 16272, 17409, 20140, 20905, 8922]"
48,luna,agi,Ranged,"['Carry', 'Nuker', 'Pusher']",/apps/dota2/images/dota_react/heroes/luna.png?,/apps/dota2/images/dota_react/heroes/icons/luna.png?,120,0.5,75,0.0,2,25,26,32,21,24,23,2.2,3.4,1.9,330,900,1.7,100,0.35,325,True,2,1800,800,Luna,10369,4966,21740,10652,24423,11856,21463,10197,15665,7368,9376,4455,5387,2566,2785,1287,65362,"[8943, 9186, 8865, 9964, 11493, 11932, 4979]",32416,"[4463, 4562, 4334, 4967, 5688, 5914, 2488]",108,49,26,128393,"[17691, 17983, 18033, 19129, 22188, 23233, 10136]",61858,"[8627, 8659, 8596, 9235, 10662, 11120, 4959]"
49,dragon_knight,str,Melee,"['Carry', 'Pusher', 'Durable', 'Disabler', 'Initiator', 'Nuker']",/apps/dota2/images/dota_react/heroes/dragon_knight.png?,/apps/dota2/images/dota_react/heroes/icons/dragon_knight.png?,120,0.25,75,0.0,0,25,34,40,21,16,18,3.6,2.0,1.7,150,900,1.6,100,0.5,315,True,2,1800,800,Dragon Knight,17216,8864,48012,24314,62205,30976,62837,31265,49094,24687,32386,15970,20205,9958,12045,5967,81129,"[11338, 11581, 11096, 12106, 14346, 14353, 6309]",41325,"[5861, 5966, 5632, 6102, 7242, 7339, 3183]",490,230,533,329718,"[47914, 46762, 45986, 48804, 56254, 57768, 26230]",165115,"[24048, 23393, 22983, 24287, 28118, 28997, 13289]"
50,dazzle,all,Ranged,"['Support', 'Nuker', 'Disabler']",/apps/dota2/images/dota_react/heroes/dazzle.png?,/apps/dota2/images/dota_react/heroes/icons/dazzle.png?,120,0.25,75,0.3,0,25,19,25,18,20,25,2.3,1.7,3.7,575,1200,1.7,100,0.3,305,True,2,1800,800,Dazzle,17168,8952,53793,28244,76530,40830,84493,45602,73966,40121,52070,28541,35625,19463,22092,11728,115129,"[16715, 16393, 16621, 17854, 19875, 19793, 7878]",61930,"[8834, 8898, 8914, 9591, 10744, 10666, 4283]",333,186,1498,438259,"[62621, 62751, 62769, 65591, 75338, 76798, 32391]",235193,"[33347, 33497, 33602, 35247, 40380, 41559, 17561]"
51,rattletrap,str,Melee,"['Initiator', 'Disabler', 'Durable', 'Nuker']",/apps/dota2/images/dota_react/heroes/rattletrap.png?,/apps/dota2/images/dota_react/heroes/icons/rattletrap.png?,120,0.5,75,0.0,1,25,24,26,26,13,18,3.2,2.3,1.7,150,900,1.7,100,0.33,310,True,2,1800,800,Clockwerk,5881,3057,19897,10268,30870,15795,37020,19128,33859,17262,25316,13179,17464,9038,10465,5478,72253,"[9489, 9767, 10289, 11443, 12813, 13164, 5288]",38527,"[5110, 5161, 5528, 6085, 6818, 6990, 2835]",364,198,231,193506,"[26800, 27301, 27404, 29309, 33569, 34517, 14606]",99779,"[13920, 14038, 14097, 15153, 17310, 17745, 7516]"
52,leshrac,int,Ranged,"['Carry', 'Support', 'Nuker', 'Pusher', 'Disabler']",/apps/dota2/images/dota_react/heroes/leshrac.png?,/apps/dota2/images/dota_react/heroes/icons/leshrac.png?,120,0.25,75,0.0,1,25,27,31,20,17,22,2.8,2.5,3.5,575,900,1.7,100,0.4,325,True,4,1800,800,Leshrac,5223,2560,15200,7568,22467,10948,26569,13122,25227,12454,19960,9961,14626,7367,10535,5342,54034,"[7590, 7645, 7495, 8324, 9326, 9572, 4082]",28444,"[4054, 3940, 3945, 4409, 4866, 5114, 2116]",269,147,338,148686,"[21589, 21612, 20911, 22043, 25186, 25701, 11644]",73687,"[10710, 10757, 10332, 10974, 12422, 12714, 5778]"
53,furion,all,Ranged,"['Carry', 'Pusher', 'Escape', 'Nuker']",/apps/dota2/images/dota_react/heroes/furion.png?,/apps/dota2/images/dota_react/heroes/icons/furion.png?,120,0.25,75,0.0,0,25,16,26,19,14,22,2.6,3.2,3.5,620,1125,1.5,100,0.4,295,True,2,1800,800,Nature's Prophet,27999,13818,76664,36905,97006,46220,101475,49026,85995,42115,60268,29861,41421,20896,28125,14374,193272,"[27473, 27866, 27570, 29002, 32895, 34047, 14419]",92198,"[13173, 13224, 13223, 13726, 15849, 16103, 6900]",495,264,1079,555592,"[80022, 81229, 79477, 82071, 93912, 96206, 42675]",271568,"[39050, 39725, 38703, 40190, 45763, 47014, 21123]"
54,life_stealer,str,Melee,"['Carry', 'Durable', 'Escape', 'Disabler']",/apps/dota2/images/dota_react/heroes/life_stealer.png?,/apps/dota2/images/dota_react/heroes/icons/life_stealer.png?,120,0.25,75,0.0,1,25,16,22,25,19,15,2.4,1.9,1.8,150,900,1.7,100,0.39,315,True,2,1800,800,Lifestealer,17974,9332,56728,30484,81094,43868,87009,47669,73848,40378,49622,26993,32300,17434,17088,9089,117184,"[16376, 16678, 16497, 17869, 20341, 20872, 8551]",61355,"[8541, 8832, 8664, 9375, 10694, 10866, 4383]",385,211,1058,442575,"[62709, 63392, 62324, 66073, 76633, 77931, 33513]",239222,"[33836, 34239, 33786, 35563, 41516, 42183, 18099]"
55,dark_seer,int,Melee,"['Initiator', 'Escape', 'Disabler']",/apps/dota2/images/dota_react/heroes/dark_seer.png?,/apps/dota2/images/dota_react/heroes/icons/dark_seer.png?,120,1.0,75,0.0,2,25,33,39,20,19,21,2.6,1.8,2.7,150,900,1.7,100,0.59,295,True,2,1800,800,Dark Seer,4746,2443,14211,7421,21142,11125,24210,12481,23570,12139,18270,9501,14403,7388,10005,5012,57638,"[7325, 7779, 7883, 9170, 10502, 10516, 4463]",31905,"[4008, 4409, 4317, 5047, 5839, 5823, 2462]",238,127,230,138139,"[18478, 19598, 19458, 21529, 24431, 24186, 10459]",71437,"[9649, 10129, 10049, 11144, 12659, 12445, 5362]"
56,clinkz,agi,Ranged,"['Carry', 'Escape', 'Pusher']",/apps/dota2/images/dota_react/heroes/clinkz.png?,/apps/dota2/images/dota_react/heroes/icons/clinkz.png?,120,0.25,75,0.0,0,25,19,25,17,25,21,2.0,2.7,2.2,600,900,1.7,100,0.4,290,True,2,1800,800,Clinkz,15486,7927,27659,14042,25690,12985,22226,11296,16419,8392,10981,5574,7077,3501,4482,2295,101825,"[14043, 14239, 14361, 15124, 17587, 18750, 7721]",53366,"[7252, 7424, 7581, 7970, 9174, 9948, 4017]",119,63,50,150602,"[20399, 21084, 20697, 22016, 25552, 28702, 12152]",76674,"[10305, 10786, 10578, 11147, 13012, 14642, 6204]"
57,omniknight,str,Melee,"['Support', 'Durable', 'Nuker']",/apps/dota2/images/dota_react/heroes/omniknight.png?,/apps/dota2/images/dota_react/heroes/icons/omniknight.png?,120,0.25,75,0.0,2,25,31,41,22,15,16,3.1,2.0,2.1,150,900,1.7,100,0.433,310,True,2,1800,800,Omniknight,3290,1559,7322,3428,8193,3951,7643,3760,5785,2827,3465,1710,1929,973,1057,540,26317,"[3671, 3659, 3665, 3901, 4584, 4848, 1989]",12593,"[1736, 1730, 1704, 1891, 2220, 2342, 970]",29,20,4,44985,"[6146, 6372, 6349, 6811, 7860, 8065, 3382]",21750,"[2994, 3114, 3043, 3303, 3855, 3818, 1623]"
58,enchantress,int,Ranged,"['Support', 'Pusher', 'Durable', 'Disabler']",/apps/dota2/images/dota_react/heroes/enchantress.png?,/apps/dota2/images/dota_react/heroes/icons/enchantress.png?,120,0.25,75,0.5,1,25,21,31,17,19,22,2.0,2.1,3.8,575,900,1.7,100,0.3,320,True,4,1800,800,Enchantress,8176,3994,14393,6857,13382,6383,10651,4995,7322,3376,4228,1944,2397,1071,1250,563,50588,"[6952, 7141, 7280, 7655, 8779, 9104, 3677]",25166,"[3505, 3507, 3580, 3855, 4348, 4542, 1829]",58,24,58,72698,"[10068, 10186, 10365, 10721, 12765, 13040, 5553]",34666,"[4704, 4960, 5037, 5002, 6137, 6212, 2614]"
59,huskar,str,Ranged,"['Carry', 'Durable', 'Initiator']",/apps/dota2/images/dota_react/heroes/huskar.png?,/apps/dota2/images/dota_react/heroes/icons/huskar.png?,120,0.25,0,0.0,1,25,21,26,23,10,18,3.3,1.5,1.5,400,1400,1.6,100,0.3,295,True,2,1800,800,Huskar,16651,7852,34617,16384,37771,18402,37782,18739,30982,15817,22780,11727,16234,8566,12351,6536,105522,"[14486, 14926, 14771, 16120, 18461, 18801, 7957]",52030,"[7153, 7435, 7365, 7969, 9137, 9127, 3844]",248,124,708,235124,"[33551, 33594, 33101, 35119, 40575, 40994, 18190]",116615,"[16824, 16583, 16601, 17468, 19992, 20235, 8912]"
60,night_stalker,str,Melee,"['Carry', 'Initiator', 'Durable', 'Disabler', 'Nuker']",/apps/dota2/images/dota_react/heroes/night_stalker.png?,/apps/dota2/images/dota_react/heroes/icons/night_stalker.png?,120,1.5,75,0.25,2,25,40,44,23,18,15,3.0,2.2,1.6,150,900,1.7,100,0.55,295,True,2,800,1800,Night Stalker,9586,4816,32233,16672,50419,26489,60015,31536,55493,29742,42108,22427,29983,16025,20475,10864,52549,"[7290, 7471, 7424, 8071, 9141, 9236, 3916]",26246,"[3614, 3703, 3693, 4070, 4576, 4624, 1966]",458,247,1454,317756,"[44529, 45092, 44996, 47227, 55271, 55678, 24963]",167477,"[23257, 23752, 23718, 24965, 29169, 29389, 13227]"
61,broodmother,agi,Melee,"['Carry', 'Pusher', 'Escape', 'Nuker']",/apps/dota2/images/dota_react/heroes/broodmother.png?,/apps/dota2/images/dota_react/heroes/icons/broodmother.png?,120,0.25,75,0.0,-1,25,29,35,18,18,18,2.9,3.4,2.0,175,900,1.7,125,0.4,285,True,8,1800,800,Broodmother,5644,2732,12185,6041,12280,6183,10503,5323,7664,4010,5047,2592,3699,1922,2933,1494,33429,"[4663, 4757, 4627, 5232, 5781, 5867, 2502]",15461,"[2115, 2205, 2160, 2443, 2708, 2690, 1140]",83,42,188,68386,"[9677, 9775, 9615, 10333, 11965, 11987, 5034]",34289,"[4872, 4827, 4932, 5209, 5948, 5943, 2558]"
62,bounty_hunter,agi,Melee,"['Escape', 'Nuker']",/apps/dota2/images/dota_react/heroes/bounty_hunter.png?,/apps/dota2/images/dota_react/heroes/icons/bounty_hunter.png?,120,0.75,75,0.5,5,25,33,41,19,21,20,2.5,2.6,1.9,150,900,1.5,100,0.59,325,True,2,1800,1000,Bounty Hunter,13119,6253,32823,15568,40971,19732,41300,20151,32550,16014,22616,11284,15670,8009,10880,5596,103635,"[13552, 14291, 14867, 15901, 18315, 18764, 7945]",47851,"[6247, 6699, 6910, 7301, 8421, 8623, 3650]",152,84,172,230471,"[32420, 32485, 32430, 34567, 39821, 40462, 18286]",112533,"[16003, 15797, 15869, 16859, 19475, 19602, 8928]"
63,weaver,agi,Ranged,"['Carry', 'Escape']",/apps/dota2/images/dota_react/heroes/weaver.png?,/apps/dota2/images/dota_react/heroes/icons/weaver.png?,120,1.25,75,0.5,1,25,37,43,16,17,20,2.0,3.3,2.0,425,900,1.8,120,0.55,275,True,4,1800,800,Weaver,20126,10086,51917,26090,70302,35613,77179,39097,66882,33863,48288,24411,33991,17313,23055,11413,142213,"[19574, 19824, 19505, 21069, 26561, 25192, 10488]",73284,"[10236, 10213, 9954, 10840, 13576, 13060, 5405]",485,244,572,421842,"[58598, 60281, 58443, 62144, 73136, 75779, 33461]",213271,"[29614, 30481, 29515, 31500, 36979, 38200, 16982]"
64,jakiro,int,Ranged,"['Support', 'Nuker', 'Pusher', 'Disabler']",/apps/dota2/images/dota_react/heroes/jakiro.png?,/apps/dota2/images/dota_react/heroes/icons/jakiro.png?,120,0.25,75,0.0,1,25,27,35,25,15,26,2.5,1.2,3.0,400,1100,1.7,100,0.4,290,True,2,1800,800,Jakiro,22077,11675,74639,38846,115882,59820,131148,66704,111237,56130,76344,37996,48632,24115,27569,13623,202553,"[28524, 28895, 28195, 30298, 35457, 36074, 15110]",103954,"[14692, 14836, 14459, 15598, 18195, 18461, 7713]",948,477,866,638966,"[91033, 91509, 90261, 94757, 110290, 111826, 49290]",325241,"[46344, 46522, 45875, 48327, 56235, 56894, 25044]"
65,batrider,all,Ranged,"['Initiator', 'Disabler', 'Escape']",/apps/dota2/images/dota_react/heroes/batrider.png?,/apps/dota2/images/dota_react/heroes/icons/batrider.png?,120,1.75,75,0.0,2,25,12,16,23,15,22,2.9,1.8,2.9,400,900,1.7,100,0.3,330,True,2,1600,800,Batrider,1678,755,4404,1975,5812,2566,6105,2645,4864,2080,3415,1503,2134,953,1411,662,20626,"[2760, 2822, 2877, 3189, 3587, 3793, 1598]",8675,"[1203, 1155, 1196, 1392, 1492, 1560, 677]",67,27,43,34218,"[4830, 5106, 4778, 5162, 5780, 6027, 2535]",15157,"[2088, 2276, 2042, 2346, 2582, 2692, 1131]"
66,chen,int,Ranged,"['Support', 'Pusher']",/apps/dota2/images/dota_react/heroes/chen.png?,/apps/dota2/images/dota_react/heroes/icons/chen.png?,120,0.25,75,0.5,-1,25,27,37,23,15,19,2.0,2.1,3.2,650,1100,1.7,100,0.5,305,True,2,1800,800,Chen,891,381,2110,851,2245,899,2003,827,1622,717,1054,485,741,350,579,299,13671,"[1998, 1917, 1856, 2167, 2396, 2391, 946]",5449,"[796, 760, 730, 853, 956, 956, 398]",30,13,25,14287,"[2051, 2060, 1945, 2091, 2465, 2531, 1144]",6279,"[928, 881, 836, 931, 1042, 1153, 508]"
67,spectre,all,Melee,"['Carry', 'Durable', 'Escape']",/apps/dota2/images/dota_react/heroes/spectre.png?,/apps/dota2/images/dota_react/heroes/icons/spectre.png?,120,1.0,75,0.0,0,25,21,25,21,25,16,2.5,2.1,1.7,150,900,1.7,90,0.3,290,True,0,1800,800,Spectre,16102,8576,47065,24694,56999,28765,53434,26695,38796,19142,23280,11325,12546,6068,5237,2513,109701,"[14976, 15395, 15293, 16668, 19090, 19717, 8562]",59741,"[8116, 8444, 8396, 9109, 10358, 10663, 4655]",138,64,256,274590,"[37204, 38394, 38577, 41876, 47638, 48795, 22106]",138735,"[18924, 19383, 19545, 21091, 24006, 24631, 11155]"
68,ancient_apparition,int,Ranged,"['Support', 'Disabler', 'Nuker']",/apps/dota2/images/dota_react/heroes/ancient_apparition.png?,/apps/dota2/images/dota_react/heroes/icons/ancient_apparition.png?,120,0.25,75,0.0,-1,25,21,31,20,20,23,1.9,2.2,3.1,675,1250,1.7,100,0.45,285,True,0,1800,800,Ancient Apparition,15680,8231,47643,25675,67985,36863,77675,42030,68094,36845,49789,26915,35743,19197,23074,12224,149871,"[19791, 20727, 20543, 22885, 26848, 27744, 11333]",80873,"[10603, 10989, 11118, 12437, 14509, 15004, 6213]",479,277,472,408560,"[53888, 56934, 56715, 61255, 72244, 74981, 32543]",220113,"[29244, 30682, 30391, 33040, 39009, 40272, 17475]"
69,doom_bringer,str,Melee,"['Carry', 'Disabler', 'Initiator', 'Durable', 'Nuker']",/apps/dota2/images/dota_react/heroes/doom_bringer.png?,/apps/dota2/images/dota_react/heroes/icons/doom_bringer.png?,120,1.25,75,0.0,2,25,32,42,24,15,15,3.8,1.5,1.7,200,900,1.9,100,0.5,290,True,2,1800,800,Doom,5129,2340,15077,6788,21748,9808,24084,10947,21270,9663,15371,6978,10396,4673,6551,3082,35674,"[4992, 5150, 4993, 5426, 6217, 6214, 2682]",16209,"[2270, 2302, 2234, 2434, 2884, 2852, 1233]",198,91,258,129354,"[18301, 18467, 18435, 18898, 22315, 22805, 10133]",58933,"[8316, 8395, 8415, 8616, 10189, 10401, 4601]"
70,ursa,agi,Melee,"['Carry', 'Durable', 'Disabler']",/apps/dota2/images/dota_react/heroes/ursa.png?,/apps/dota2/images/dota_react/heroes/icons/ursa.png?,120,1.0,75,0.0,1,25,24,28,25,18,16,2.4,2.8,1.5,150,900,1.7,100,0.3,310,True,2,1800,800,Ursa,15970,7388,42479,20324,57956,28377,63537,31646,55896,28389,40241,20630,28128,14511,16770,8657,109940,"[15356, 15747, 15726, 16635, 19028, 19594, 7854]",55551,"[7929, 7814, 7874, 8470, 9595, 9897, 3972]",454,228,893,348094,"[49152, 50204, 49583, 52283, 59562, 61609, 25701]",173118,"[24337, 25159, 24735, 26013, 29450, 30733, 12691]"
71,spirit_breaker,str,Melee,"['Carry', 'Initiator', 'Disabler', 'Durable', 'Escape']",/apps/dota2/images/dota_react/heroes/spirit_breaker.png?,/apps/dota2/images/dota_react/heroes/icons/spirit_breaker.png?,120,1.25,75,0.5,1,25,31,41,28,17,14,3.3,1.7,1.8,170,900,1.9,100,0.6,295,True,2,1800,800,Spirit Breaker,21594,10928,54993,27576,67970,33826,67314,33356,51653,25549,32312,16008,19384,9566,11025,5499,168622,"[23210, 24071, 23938, 25658, 29334, 30253, 12158]",80366,"[11046, 11456, 11534, 12185, 13970, 14449, 5726]",292,145,163,359303,"[49755, 51528, 50861, 53344, 61981, 64461, 27373]",178995,"[24813, 25782, 25473, 26527, 30730, 31999, 13671]"
72,gyrocopter,agi,Ranged,"['Carry', 'Nuker', 'Disabler']",/apps/dota2/images/dota_react/heroes/gyrocopter.png?,/apps/dota2/images/dota_react/heroes/icons/gyrocopter.png?,120,0.25,75,0.0,2,25,18,24,22,25,21,2.5,3.2,2.4,365,3000,1.7,125,0.2,320,True,2,1800,800,Gyrocopter,6047,2867,17051,8127,25671,12500,29178,14255,24194,11764,15747,7670,9196,4434,4984,2428,59805,"[8180, 8630, 8319, 8755, 10455, 11084, 4382]",29910,"[4025, 4292, 4216, 4360, 5255, 5551, 2211]",217,113,85,144615,"[19971, 20088, 20260, 21253, 25100, 26206, 11737]",70220,"[9576, 9838, 9870, 10376, 12072, 12814, 5674]"
73,alchemist,str,Melee,"['Carry', 'Support', 'Durable', 'Disabler', 'Initiator', 'Nuker']",/apps/dota2/images/dota_react/heroes/alchemist.png?,/apps/dota2/images/dota_react/heroes/icons/alchemist.png?,120,0.25,75,0.0,0,25,27,33,23,22,25,2.7,1.5,1.8,150,900,1.7,110,0.35,295,True,2,1800,800,Alchemist,7444,3594,21897,10783,30613,15103,33540,16767,29202,14742,19992,9953,11938,5897,6662,3320,54103,"[7670, 7795, 7615, 8027, 9512, 9337, 4147]",27271,"[3880, 3953, 3829, 4067, 4716, 4752, 2074]",118,54,80,177959,"[26137, 25937, 24722, 26154, 30267, 30700, 14042]",88466,"[12952, 12792, 12411, 13022, 14982, 15345, 6962]"
74,invoker,int,Ranged,"['Carry', 'Nuker', 'Disabler', 'Escape', 'Pusher']",/apps/dota2/images/dota_react/heroes/invoker.png?,/apps/dota2/images/dota_react/heroes/icons/invoker.png?,120,0.25,75,0.0,-1,25,15,21,19,14,20,2.5,2.0,4.7,600,900,1.7,100,0.4,285,True,2,1800,800,Invoker,28414,14151,86542,43343,120031,60418,129409,65173,107519,54551,72600,36853,45621,23162,24664,12721,399405,"[54993, 56802, 57432, 61800, 69395, 70043, 28940]",205818,"[28421, 29219, 29741, 32165, 35616, 35968, 14688]",354,186,564,654455,"[91629, 93653, 93410, 99259, 112786, 115465, 48253]",330132,"[46070, 47220, 47080, 50228, 56908, 58317, 24309]"
75,silencer,int,Ranged,"['Carry', 'Support', 'Disabler', 'Initiator', 'Nuker']",/apps/dota2/images/dota_react/heroes/silencer.png?,/apps/dota2/images/dota_react/heroes/icons/silencer.png?,120,0.25,75,0.0,0,25,18,32,19,22,25,2.2,2.2,2.9,600,900,1.6,110,0.5,290,True,2,1800,800,Silencer,18456,9722,59476,30848,85157,44027,92956,48012,77801,40110,53858,27735,36637,18674,23190,11977,143026,"[19620, 20159, 19913, 21596, 25325, 25958, 10455]",76250,"[10417, 10849, 10456, 11590, 13406, 13915, 5617]",487,242,929,471800,"[65004, 66645, 66287, 69690, 81671, 84627, 37876]",243848,"[33414, 34393, 34192, 35935, 42491, 43795, 19628]"
76,obsidian_destroyer,int,Ranged,"['Carry', 'Nuker', 'Disabler']",/apps/dota2/images/dota_react/heroes/obsidian_destroyer.png?,/apps/dota2/images/dota_react/heroes/icons/obsidian_destroyer.png?,120,1.0,75,0.0,1,25,19,31,21,22,30,2.9,1.6,4.2,450,900,1.9,100,0.46,315,True,4,1800,800,Outworld Devourer,10233,5052,28324,14533,41113,21529,46223,24470,40873,21714,27760,14727,18511,9642,10044,5179,71534,"[9699, 10273, 10104, 10849, 12466, 12808, 5335]",36874,"[4996, 5275, 5159, 5565, 6466, 6686, 2727]",245,119,873,239247,"[32619, 33877, 33613, 35425, 41720, 42913, 19080]",125028,"[17062, 17635, 17461, 18536, 21748, 22510, 10076]"
77,lycan,str,Melee,"['Carry', 'Pusher', 'Durable', 'Escape']",/apps/dota2/images/dota_react/heroes/lycan.png?,/apps/dota2/images/dota_react/heroes/icons/lycan.png?,120,0.25,75,0.0,0,25,24,29,26,18,23,3.4,1.7,1.7,150,900,1.7,110,0.55,305,True,2,1800,800,Lycan,2692,1222,6532,2966,7413,3384,6522,2861,4674,2110,2765,1301,1553,783,1021,475,24661,"[3421, 3436, 3599, 3776, 4349, 4264, 1816]",11776,"[1616, 1675, 1665, 1808, 2120, 2023, 869]",48,22,46,39281,"[5404, 5458, 5637, 5945, 6803, 6992, 3042]",18068,"[2527, 2483, 2620, 2737, 3072, 3207, 1422]"
78,brewmaster,all,Melee,"['Carry', 'Initiator', 'Durable', 'Disabler', 'Nuker']",/apps/dota2/images/dota_react/heroes/brewmaster.png?,/apps/dota2/images/dota_react/heroes/icons/brewmaster.png?,120,0.5,75,0.0,0,25,26,33,23,19,17,3.7,2.0,1.6,150,900,1.7,100,0.35,310,True,2,1800,800,Brewmaster,1428,634,3161,1479,3670,1698,3614,1687,3310,1599,2253,1042,1614,766,1064,528,15467,"[2090, 2188, 2173, 2409, 2689, 2743, 1175]",6933,"[954, 981, 945, 1077, 1188, 1249, 539]",56,21,71,25808,"[3616, 3705, 3690, 3799, 4356, 4657, 1985]",12147,"[1709, 1755, 1728, 1762, 2064, 2206, 923]"
79,shadow_demon,int,Ranged,"['Support', 'Disabler', 'Initiator', 'Nuker']",/apps/dota2/images/dota_react/heroes/shadow_demon.png?,/apps/dota2/images/dota_react/heroes/icons/shadow_demon.png?,120,0.25,75,0.0,0,25,29,33,23,18,22,2.6,2.2,3.6,500,900,1.7,100,0.35,290,True,2,1800,800,Shadow Demon,2665,1160,7117,3263,10084,4754,11931,5737,10161,4910,7268,3484,5018,2458,2785,1366,25644,"[3554, 3616, 3548, 3940, 4493, 4692, 1801]",11619,"[1627, 1644, 1616, 1743, 2058, 2108, 823]",129,51,96,62676,"[8577, 8789, 8898, 9361, 11024, 11091, 4936]",29758,"[4072, 4110, 4231, 4436, 5285, 5209, 2415]"
80,lone_druid,agi,Ranged,"['Carry', 'Pusher', 'Durable']",/apps/dota2/images/dota_react/heroes/lone_druid.png?,/apps/dota2/images/dota_react/heroes/icons/lone_druid.png?,120,0.25,75,0.0,0,25,18,22,18,20,13,2.5,2.8,1.4,550,900,1.6,100,0.33,325,True,2,1800,800,Lone Druid,3136,1571,6794,3283,7957,4012,7625,3884,6164,3188,4252,2134,2917,1508,1651,838,19430,"[2676, 2822, 2677, 2943, 3334, 3446, 1532]",7953,"[1089, 1157, 1135, 1214, 1356, 1382, 620]",49,22,87,45992,"[6269, 6569, 6408, 7065, 7733, 8258, 3690]",23077,"[3121, 3363, 3230, 3506, 3863, 4146, 1848]"
81,chaos_knight,str,Melee,"['Carry', 'Disabler', 'Durable', 'Pusher', 'Initiator']",/apps/dota2/images/dota_react/heroes/chaos_knight.png?,/apps/dota2/images/dota_react/heroes/icons/chaos_knight.png?,120,0.25,75,0.0,2,25,24,54,24,18,18,3.1,1.8,1.2,150,900,1.7,100,0.5,325,True,2,1800,800,Chaos Knight,12599,6495,29296,14983,30985,15658,26158,13042,17839,8853,10119,5043,5553,2739,2232,1071,65872,"[9017, 9048, 8977, 9894, 11457, 12385, 5094]",35410,"[4879, 4884, 4825, 5260, 6229, 6644, 2689]",110,46,37,152982,"[20620, 21094, 20774, 22598, 26248, 28816, 12832]",77380,"[10578, 10662, 10485, 11414, 13337, 14481, 6423]"
82,meepo,agi,Melee,"['Carry', 'Escape', 'Nuker', 'Disabler', 'Initiator', 'Pusher']",/apps/dota2/images/dota_react/heroes/meepo.png?,/apps/dota2/images/dota_react/heroes/icons/meepo.png?,120,0.25,75,0.25,4,25,29,35,24,17,18,2.2,2.1,1.9,150,900,1.7,100,0.38,320,True,2,1800,800,Meepo,4858,2399,9960,4994,10417,5369,9885,5135,7303,3803,5196,2722,3604,1973,2626,1473,39964,"[5557, 5668, 5597, 6297, 6884, 6889, 3072]",18838,"[2598, 2663, 2690, 3043, 3244, 3187, 1413]",60,28,81,61391,"[8632, 8789, 8889, 9383, 10605, 10557, 4536]",31664,"[4473, 4518, 4595, 4887, 5436, 5409, 2346]"
83,treant,str,Melee,"['Support', 'Initiator', 'Durable', 'Disabler', 'Escape']",/apps/dota2/images/dota_react/heroes/treant.png?,/apps/dota2/images/dota_react/heroes/icons/treant.png?,120,0.25,75,0.25,-1,25,60,68,25,15,20,3.4,1.8,1.8,150,900,1.9,100,0.6,280,True,2,1800,800,Treant Protector,6389,3162,17178,8432,20671,9918,18633,8899,13576,6556,8075,3907,4528,2145,2285,1131,55967,"[7803, 8000, 7827, 8237, 9628, 10358, 4114]",25891,"[3591, 3751, 3590, 3838, 4438, 4807, 1876]",61,29,23,101409,"[14514, 14373, 14341, 14803, 17507, 18238, 7633]",49035,"[7043, 6853, 6962, 7162, 8465, 8843, 3707]"
84,ogre_magi,str,Melee,"['Support', 'Nuker', 'Disabler', 'Durable', 'Initiator']",/apps/dota2/images/dota_react/heroes/ogre_magi.png?,/apps/dota2/images/dota_react/heroes/icons/ogre_magi.png?,120,1.5,120,0.0,4,25,44,50,23,14,0,4.2,1.5,0.0,150,900,1.7,100,0.3,290,True,2,1800,800,Ogre Magi,29811,15278,86335,43899,108012,54328,101472,50768,73147,36330,42333,20956,22835,11369,9880,4885,273942,"[37558, 38587, 38267, 41539, 48194, 49332, 20465]",142124,"[19482, 20047, 19728, 21519, 25032, 25642, 10674]",339,169,48,513317,"[70744, 72670, 72127, 76112, 89058, 91732, 40874]",258122,"[35755, 36733, 36224, 38235, 44855, 45968, 20352]"
85,undying,str,Melee,"['Support', 'Durable', 'Disabler', 'Nuker']",/apps/dota2/images/dota_react/heroes/undying.png?,/apps/dota2/images/dota_react/heroes/icons/undying.png?,120,-0.25,75,0.25,1,25,31,39,22,10,27,2.4,1.2,2.8,150,900,1.7,100,0.3,300,True,2,1800,800,Undying,14214,7209,41312,20985,52559,27130,49866,25841,37401,19522,23260,12076,14127,7255,7045,3601,94122,"[13051, 13318, 12948, 14394, 16661, 17096, 6654]",48892,"[6732, 7004, 6719, 7351, 8640, 8987, 3459]",234,115,106,258096,"[35564, 35841, 36112, 38709, 45677, 46431, 19762]",133113,"[18228, 18424, 18609, 19847, 23715, 24148, 10142]"
86,rubick,int,Ranged,"['Support', 'Disabler', 'Nuker']",/apps/dota2/images/dota_react/heroes/rubick.png?,/apps/dota2/images/dota_react/heroes/icons/rubick.png?,120,0.25,75,0.5,1,25,25,31,21,23,24,2.0,2.5,3.7,550,1125,1.7,100,0.4,290,True,2,1800,800,Rubick,17480,8135,59220,27782,93731,44628,110832,53047,98551,47598,69480,33952,44057,21442,23691,11561,282383,"[38661, 40618, 39916, 42635, 49090, 50592, 20871]",135080,"[18553, 19481, 19026, 20320, 23365, 24180, 10155]",606,291,363,544354,"[75581, 77309, 77407, 81436, 93369, 96896, 42356]",261210,"[36552, 36955, 36952, 39042, 44867, 46683, 20159]"
87,disruptor,int,Ranged,"['Support', 'Disabler', 'Nuker', 'Initiator']",/apps/dota2/images/dota_react/heroes/disruptor.png?,/apps/dota2/images/dota_react/heroes/icons/disruptor.png?,120,0.25,75,0.0,0,25,27,31,21,15,20,2.4,1.4,2.9,625,1200,1.7,100,0.4,295,True,2,1800,800,Disruptor,6559,3251,23210,11643,36722,18602,42691,21848,38649,20135,27813,14371,18672,9702,10892,5693,54040,"[7228, 7389, 7418, 8104, 9667, 10056, 4178]",26399,"[3562, 3584, 3635, 3977, 4699, 4908, 2034]",221,117,108,218689,"[29633, 30601, 30438, 32409, 37784, 40005, 17819]",112157,"[15118, 15776, 15631, 16556, 19439, 20459, 9178]"
88,nyx_assassin,all,Melee,"['Disabler', 'Nuker', 'Initiator', 'Escape']",/apps/dota2/images/dota_react/heroes/nyx_assassin.png?,/apps/dota2/images/dota_react/heroes/icons/nyx_assassin.png?,120,2.0,75,0.0,1,25,26,30,17,18,21,2.7,2.9,2.6,150,900,1.7,100,0.46,310,True,6,1800,800,Nyx Assassin,7915,3958,22755,11380,29653,14926,29374,14700,22439,11186,13599,6814,7571,3745,3538,1827,76999,"[10565, 10818, 10776, 11744, 13520, 13819, 5757]",37681,"[5114, 5274, 5240, 5768, 6626, 6843, 2816]",87,40,172,151070,"[21134, 21047, 21358, 22541, 26506, 26852, 11632]",75694,"[10578, 10584, 10808, 11229, 13184, 13477, 5834]"
89,naga_siren,agi,Melee,"['Carry', 'Support', 'Pusher', 'Disabler', 'Initiator', 'Escape']",/apps/dota2/images/dota_react/heroes/naga_siren.png?,/apps/dota2/images/dota_react/heroes/icons/naga_siren.png?,120,1.0,75,0.0,1,25,23,25,21,21,21,2.4,3.3,2.0,150,900,1.7,110,0.5,330,True,0,1800,800,Naga Siren,5092,2481,9939,4586,8564,3814,5794,2468,3535,1534,2025,907,1081,476,533,245,36751,"[6012, 5386, 5142, 5507, 6058, 6129, 2517]",18262,"[3056, 2595, 2563, 2738, 2982, 3029, 1299]",31,15,30,44417,"[7140, 6617, 6423, 6456, 7104, 7520, 3157]",20415,"[3281, 3060, 2973, 2912, 3271, 3452, 1466]"
90,keeper_of_the_light,int,Ranged,"['Support', 'Nuker', 'Disabler']",/apps/dota2/images/dota_react/heroes/keeper_of_the_light.png?,/apps/dota2/images/dota_react/heroes/icons/keeper_of_the_light.png?,120,0.25,75,0.0,0,25,20,27,18,15,23,2.3,1.6,3.3,600,900,1.7,100,0.3,320,True,2,1800,800,Keeper of the Light,6019,2718,15192,6893,17278,8017,16363,7634,12143,5661,7679,3663,4827,2350,3021,1495,52850,"[6300, 7435, 8657, 8287, 9168, 9213, 3790]",22615,"[2730, 3151, 3649, 3531, 3951, 3886, 1717]",108,61,93,91906,"[12023, 12884, 13363, 14231, 16151, 16393, 6861]",42718,"[5669, 6076, 6180, 6570, 7415, 7679, 3129]"
91,wisp,all,Ranged,"['Support', 'Escape', 'Nuker']",/apps/dota2/images/dota_react/heroes/wisp.png?,/apps/dota2/images/dota_react/heroes/icons/wisp.png?,120,0.25,75,0.0,1,25,21,27,17,14,23,3.0,1.6,1.7,500,1200,1.7,100,0.3,320,True,0,1800,800,Io,5151,2582,13371,6673,16580,8274,15715,7854,12292,6182,8234,4148,5679,2899,3445,1787,51694,"[6993, 7405, 7262, 8099, 9292, 9057, 3586]",25641,"[3439, 3643, 3646, 3936, 4593, 4583, 1801]",74,32,98,88140,"[12208, 12764, 12539, 13562, 15584, 15536, 5947]",44118,"[6043, 6452, 6268, 6810, 7783, 7721, 3041]"
92,visage,all,Ranged,"['Support', 'Nuker', 'Durable', 'Disabler', 'Pusher']",/apps/dota2/images/dota_react/heroes/visage.png?,/apps/dota2/images/dota_react/heroes/icons/visage.png?,120,0.25,75,0.0,0,25,21,31,22,11,22,2.8,1.3,2.9,600,1400,1.7,110,0.4,285,True,2,1800,800,Visage,3435,1680,7977,3919,8736,4426,7785,3946,6116,3122,4697,2388,3685,1896,3082,1598,23315,"[3086, 3186, 3108, 3507, 4244, 4373, 1811]",10743,"[1422, 1500, 1434, 1554, 1934, 2096, 803]",67,27,154,50728,"[6981, 6968, 7015, 7515, 8979, 9301, 3969]",25427,"[3553, 3410, 3515, 3782, 4559, 4701, 1907]"
93,slark,agi,Melee,"['Carry', 'Escape', 'Disabler', 'Nuker']",/apps/dota2/images/dota_react/heroes/slark.png?,/apps/dota2/images/dota_react/heroes/icons/slark.png?,120,0.25,75,0.0,0,25,37,43,20,21,16,2.1,1.5,1.9,150,0,1.7,120,0.5,300,True,2,1800,1800,Slark,21215,11130,65437,33684,90390,45830,95817,48205,80390,40207,54729,27416,35519,17949,21560,10999,167255,"[22733, 23640, 23628, 25566, 29285, 29506, 12897]",85904,"[11598, 12191, 12241, 13148, 15009, 15113, 6604]",319,167,671,500329,"[70065, 71152, 71167, 74522, 85618, 87907, 39898]",253902,"[35534, 36266, 36168, 37715, 43384, 44537, 20298]"
94,medusa,agi,Ranged,"['Carry', 'Disabler', 'Durable']",/apps/dota2/images/dota_react/heroes/medusa.png?,/apps/dota2/images/dota_react/heroes/icons/medusa.png?,120,0.25,75,0.0,-1,25,26,32,0,22,25,0.0,3.6,3.6,600,1200,1.7,100,0.5,275,True,0,1800,800,Medusa,10599,5628,29440,15842,38286,20660,39402,21462,30552,16259,19637,10528,11336,5868,5589,2891,77277,"[10530, 10856, 10611, 11738, 13620, 14126, 5796]",45016,"[6140, 6340, 6140, 6831, 7991, 8211, 3363]",147,72,277,198612,"[27625, 28029, 27730, 29374, 35001, 35398, 15455]",106496,"[14701, 14982, 14987, 15830, 18859, 18939, 8198]"
95,troll_warlord,agi,Ranged,"['Carry', 'Pusher', 'Disabler', 'Durable']",/apps/dota2/images/dota_react/heroes/troll_warlord.png?,/apps/dota2/images/dota_react/heroes/icons/troll_warlord.png?,120,0.25,75,0.0,-1,25,27,35,21,23,13,2.5,3.3,1.0,500,1200,1.7,100,0.3,290,True,2,1800,800,Troll Warlord,12196,6430,22849,11883,23146,11968,20334,10340,15470,7838,9770,4911,5924,2929,3126,1523,71197,"[9886, 10297, 10029, 10678, 12326, 12681, 5300]",38289,"[5296, 5598, 5308, 5790, 6611, 6890, 2796]",113,58,101,132106,"[18424, 18924, 18747, 19798, 22801, 23421, 9991]",67679,"[9439, 9557, 9643, 10289, 11746, 11979, 5026]"
96,centaur,str,Melee,"['Durable', 'Initiator', 'Disabler', 'Nuker', 'Escape']",/apps/dota2/images/dota_react/heroes/centaur.png?,/apps/dota2/images/dota_react/heroes/icons/centaur.png?,120,3.0,75,0.0,-2,25,36,38,27,15,15,4.0,1.0,1.6,150,900,1.7,90,0.3,305,True,4,1800,800,Centaur Warrunner,7230,3756,21805,11134,30702,15573,31868,15942,24933,12249,15691,7565,9221,4484,4678,2306,53108,"[7334, 7412, 7272, 8132, 9469, 9613, 3876]",27921,"[3786, 3947, 3862, 4225, 4903, 5119, 2079]",206,110,86,158720,"[22154, 22134, 22165, 23713, 27788, 28716, 12050]",79584,"[11195, 11041, 11078, 12042, 13915, 14290, 6023]"
97,magnataur,all,Melee,"['Initiator', 'Disabler', 'Nuker', 'Escape']",/apps/dota2/images/dota_react/heroes/magnataur.png?,/apps/dota2/images/dota_react/heroes/icons/magnataur.png?,120,0.5,75,0.5,1,25,30,38,25,12,20,3.1,2.0,2.1,200,900,1.8,100,0.5,305,True,4,1800,800,Magnus,10846,5157,45300,21815,84071,41108,109697,54657,106007,53080,77808,38919,51611,25939,31728,16093,175337,"[23217, 24283, 24536, 27122, 31131, 31817, 13231]",82315,"[10969, 11432, 11457, 12614, 14711, 14911, 6221]",585,289,1038,539212,"[74832, 76328, 76732, 81367, 93117, 95377, 41459]",267887,"[37171, 38223, 37980, 40162, 46585, 47103, 20663]"
98,shredder,str,Melee,"['Nuker', 'Durable', 'Escape']",/apps/dota2/images/dota_react/heroes/shredder.png?,/apps/dota2/images/dota_react/heroes/icons/shredder.png?,120,0.25,75,0.5,0,25,23,27,26,16,23,3.5,1.6,2.7,150,900,1.7,100,0.36,285,True,2,1800,800,Timbersaw,8093,3748,19079,8618,23415,10642,24474,11243,20123,9025,14108,6389,9197,4161,5224,2384,51788,"[6691, 7135, 7197, 7725, 9152, 10321, 3567]",24252,"[3226, 3348, 3414, 3535, 4310, 4773, 1646]",172,81,178,137333,"[18948, 19195, 19526, 20597, 24032, 24816, 10219]",62566,"[8724, 8804, 8918, 9427, 10848, 11325, 4520]"
99,bristleback,str,Melee,"['Carry', 'Durable', 'Initiator', 'Nuker']",/apps/dota2/images/dota_react/heroes/bristleback.png?,/apps/dota2/images/dota_react/heroes/icons/bristleback.png?,120,1.0,75,0.4,1,25,31,37,22,17,14,2.7,1.8,2.8,150,900,1.8,100,0.3,295,True,2,1800,800,Bristleback,20466,10573,41469,20452,42280,20301,35176,16487,23714,10976,14521,6719,8493,3950,4870,2235,99609,"[13540, 14036, 13998, 15337, 17454, 17928, 7316]",52868,"[7174, 7575, 7463, 8126, 9159, 9545, 3826]",160,68,140,219220,"[30483, 31235, 30716, 32580, 38034, 39416, 16756]",106156,"[14580, 15114, 14870, 15692, 18515, 19280, 8105]"
100,tusk,str,Melee,"['Initiator', 'Disabler', 'Nuker']",/apps/dota2/images/dota_react/heroes/tusk.png?,/apps/dota2/images/dota_react/heroes/icons/tusk.png?,120,1.0,75,0.5,1,25,27,31,23,23,18,3.9,2.1,1.7,150,900,1.7,100,0.36,310,True,2,1800,800,Tusk,4571,2008,13174,5853,18856,8610,23076,10717,21709,10259,16593,8095,11816,5713,7911,3910,55665,"[7459, 7870, 7985, 8467, 9559, 10153, 4172]",24630,"[3302, 3449, 3579, 3700, 4227, 4525, 1848]",259,125,103,128188,"[18380, 18726, 18384, 19027, 21961, 22161, 9549]",59992,"[8593, 8895, 8481, 8817, 10292, 10404, 4510]"
101,skywrath_mage,int,Ranged,"['Support', 'Nuker', 'Disabler']",/apps/dota2/images/dota_react/heroes/skywrath_mage.png?,/apps/dota2/images/dota_react/heroes/icons/skywrath_mage.png?,120,0.25,75,0.25,-2,25,16,26,21,13,23,2.0,0.8,4.1,625,1000,1.7,90,0.4,325,True,2,1800,800,Skywrath Mage,14579,7390,37028,18676,42708,21088,37847,18357,27493,13370,16585,8067,9556,4616,4862,2368,106625,"[14309, 14931, 14832, 16294, 18950, 19651, 7658]",53366,"[7243, 7373, 7441, 8209, 9373, 9884, 3843]",123,52,85,211352,"[28760, 29548, 29829, 31555, 37063, 38496, 16101]",104253,"[14412, 14464, 14845, 15356, 18258, 19027, 7891]"
102,abaddon,all,Melee,"['Support', 'Carry', 'Durable']",/apps/dota2/images/dota_react/heroes/abaddon.png?,/apps/dota2/images/dota_react/heroes/icons/abaddon.png?,120,1.0,75,0.25,0,25,22,32,22,23,18,2.6,1.5,2.0,150,900,1.5,95,0.56,325,True,2,1800,800,Abaddon,15072,8345,47952,26467,72676,40145,83731,46130,72611,39928,51201,27803,35261,19159,22515,12015,90286,"[12176, 12430, 12464, 14190, 16257, 16293, 6476]",49757,"[6745, 6898, 6830, 7831, 8948, 8959, 3546]",413,224,1616,425542,"[58941, 59529, 59720, 64978, 74360, 75971, 32043]",233080,"[32246, 32523, 32637, 35578, 40874, 41705, 17517]"
103,elder_titan,str,Melee,"['Initiator', 'Disabler', 'Nuker', 'Durable']",/apps/dota2/images/dota_react/heroes/elder_titan.png?,/apps/dota2/images/dota_react/heroes/icons/elder_titan.png?,120,0.75,75,0.25,0,25,23,33,26,16,23,3.0,1.8,1.6,150,900,1.7,100,0.35,310,True,2,1800,800,Elder Titan,2690,1362,6234,3065,7096,3527,6956,3561,5999,3156,4327,2298,3692,2037,2700,1459,27450,"[3873, 3866, 3976, 4192, 4755, 4850, 1938]",13841,"[1982, 1958, 1995, 2155, 2405, 2380, 966]",69,39,45,45338,"[6406, 6792, 6410, 6882, 7881, 7701, 3266]",23088,"[3209, 3418, 3272, 3512, 4032, 3986, 1659]"
104,legion_commander,str,Melee,"['Carry', 'Disabler', 'Initiator', 'Durable', 'Nuker']",/apps/dota2/images/dota_react/heroes/legion_commander.png?,/apps/dota2/images/dota_react/heroes/icons/legion_commander.png?,120,0.25,75,0.0,0,25,33,37,24,18,20,3.1,1.7,2.2,150,900,1.7,100,0.46,325,True,2,1800,800,Legion Commander,25994,13599,76045,39350,99652,51441,99497,51192,77632,40191,49472,25534,29364,15007,14523,7391,132957,"[18045, 18777, 18624, 20205, 23037, 24060, 10209]",63031,"[8461, 8961, 9006, 9517, 10854, 11416, 4816]",311,157,220,510375,"[70650, 72707, 72139, 75772, 87685, 91553, 39869]",263550,"[36654, 37586, 37184, 39163, 45219, 47144, 20600]"
105,techies,all,Ranged,"['Nuker', 'Disabler']",/apps/dota2/images/dota_react/heroes/techies.png?,/apps/dota2/images/dota_react/heroes/icons/techies.png?,120,1.0,75,1.0,2,25,20,22,19,14,25,2.6,1.8,2.8,600,900,1.7,90,0.5,300,True,6,1800,800,Techies,15971,7776,39780,19021,48474,22993,46256,21673,34129,15771,20305,9332,11149,5127,5265,2402,129360,"[17761, 18294, 18148, 19738, 22712, 23213, 9494]",56680,"[7779, 7970, 7861, 8699, 9979, 10117, 4275]",160,68,119,242245,"[33908, 34485, 34320, 36581, 41433, 43199, 18319]",114178,"[15913, 16292, 16189, 17308, 19337, 20378, 8761]"
106,ember_spirit,agi,Melee,"['Carry', 'Escape', 'Nuker', 'Disabler', 'Initiator']",/apps/dota2/images/dota_react/heroes/ember_spirit.png?,/apps/dota2/images/dota_react/heroes/icons/ember_spirit.png?,120,0.5,75,0.0,0,25,33,37,22,22,20,2.6,3.2,2.2,150,900,1.7,100,0.4,300,True,2,1800,800,Ember Spirit,7902,3716,26481,12765,43257,21115,53582,26738,52993,26677,40213,20289,28031,14198,18681,9538,78093,"[10951, 11147, 11014, 11939, 13690, 13600, 5752]",36680,"[5112, 5095, 5241, 5645, 6460, 6443, 2684]",477,241,670,285953,"[41240, 41327, 40603, 42558, 49113, 49269, 21843]",142098,"[20469, 20649, 20140, 21336, 24282, 24290, 10932]"
107,earth_spirit,str,Melee,"['Nuker', 'Escape', 'Disabler', 'Initiator', 'Durable']",/apps/dota2/images/dota_react/heroes/earth_spirit.png?,/apps/dota2/images/dota_react/heroes/icons/earth_spirit.png?,120,1.0,75,0.0,0,25,25,35,22,17,18,3.8,2.4,2.1,150,900,1.7,100,0.35,290,True,2,1800,800,Earth Spirit,2259,999,6641,2995,10248,4794,11905,5551,10755,5049,7660,3704,4917,2379,2721,1323,34694,"[4759, 4874, 4859, 5291, 6035, 6350, 2526]",15310,"[2116, 2150, 2147, 2298, 2690, 2814, 1095]",77,41,47,61870,"[8640, 8730, 8758, 9398, 10817, 10873, 4654]",28984,"[4054, 4081, 4098, 4365, 5139, 5061, 2186]"
108,abyssal_underlord,str,Melee,"['Support', 'Nuker', 'Disabler', 'Durable', 'Escape']",/apps/dota2/images/dota_react/heroes/abyssal_underlord.png?,/apps/dota2/images/dota_react/heroes/icons/abyssal_underlord.png?,120,0.25,75,0.0,3,25,37,43,25,12,17,3.0,1.6,2.3,200,900,1.7,100,0.45,290,True,2,1800,800,Underlord,4604,2386,12258,6117,17449,8673,19193,9521,16189,7877,10842,5348,6996,3412,3532,1626,43546,"[5705, 6013, 5923, 6730, 7728, 8019, 3428]",22543,"[2893, 3141, 3080, 3490, 4035, 4163, 1741]",148,73,81,98762,"[13073, 13671, 13631, 14609, 17676, 18075, 8027]",48866,"[6458, 6769, 6768, 7207, 8734, 8995, 3935]"
109,terrorblade,agi,Melee,"['Carry', 'Pusher', 'Nuker']",/apps/dota2/images/dota_react/heroes/terrorblade.png?,/apps/dota2/images/dota_react/heroes/icons/terrorblade.png?,120,1.5,75,0.0,5,25,28,34,18,22,19,2.0,4.0,1.6,150,900,1.5,110,0.3,315,True,2,1800,800,Terrorblade,7513,3697,18148,8580,20389,9475,20545,9514,17246,7926,12909,6103,10402,4984,9802,4679,55509,"[7690, 7890, 8105, 8589, 9551, 9658, 4026]",26265,"[3611, 3697, 3856, 4120, 4516, 4545, 1920]",265,141,215,128880,"[18889, 18761, 18586, 19413, 21932, 21813, 9486]",60775,"[8855, 8871, 8798, 9176, 10267, 10287, 4521]"
110,phoenix,str,Ranged,"['Support', 'Nuker', 'Initiator', 'Escape', 'Disabler']",/apps/dota2/images/dota_react/heroes/phoenix.png?,/apps/dota2/images/dota_react/heroes/icons/phoenix.png?,120,2.0,75,0.0,-1,25,21,31,23,12,16,3.3,1.5,1.8,525,1100,1.7,100,0.35,280,True,2,1800,800,Phoenix,3976,1870,14379,7182,23285,11683,27831,14027,25282,12784,18711,9462,13882,6929,9129,4544,44450,"[6153, 6169, 6165, 6714, 8110, 8012, 3127]",21774,"[3018, 3065, 2969, 3223, 3991, 3926, 1582]",279,136,252,144917,"[20380, 20488, 20590, 21530, 25291, 25917, 10721]",72574,"[10249, 10280, 10239, 10864, 12641, 12938, 5363]"
111,oracle,int,Ranged,"['Support', 'Nuker', 'Disabler', 'Escape']",/apps/dota2/images/dota_react/heroes/oracle.png?,/apps/dota2/images/dota_react/heroes/icons/oracle.png?,120,0.25,75,0.5,1,25,13,19,20,15,26,2.4,1.7,3.6,620,900,1.7,100,0.3,295,True,2,1800,800,Oracle,4162,2037,12505,6299,19400,9972,23337,12198,21134,11208,14984,8068,9913,5244,5698,2968,51062,"[6931, 7260, 7106, 7888, 8991, 9248, 3638]",26537,"[3606, 3734, 3735, 4088, 4640, 4838, 1896]",129,69,135,118077,"[16183, 16763, 16477, 17678, 20859, 21252, 8865]",61462,"[8400, 8837, 8495, 9144, 10877, 11107, 4602]"
112,winter_wyvern,int,Ranged,"['Support', 'Disabler', 'Nuker']",/apps/dota2/images/dota_react/heroes/winter_wyvern.png?,/apps/dota2/images/dota_react/heroes/icons/winter_wyvern.png?,120,0.25,75,0.5,1,25,14,21,22,16,26,2.5,1.7,3.6,425,700,1.7,100,0.25,285,True,2,1800,1200,Winter Wyvern,8776,4512,28410,14838,39442,20249,42664,21916,35631,18411,24607,12716,17298,9094,10966,5868,67016,"[9574, 9681, 9271, 10093, 11475, 12199, 4723]",34018,"[4812, 4908, 4706, 5117, 5764, 6267, 2444]",202,100,264,220901,"[32349, 31690, 31044, 32716, 37828, 39072, 16202]",114176,"[16516, 16350, 15965, 16967, 19467, 20437, 8474]"
113,arc_warden,all,Ranged,"['Carry', 'Escape', 'Nuker']",/apps/dota2/images/dota_react/heroes/arc_warden.png?,/apps/dota2/images/dota_react/heroes/icons/arc_warden.png?,120,0.25,75,0.0,0,25,23,29,20,20,24,2.4,3.0,2.6,625,900,1.7,100,0.3,285,True,2,1800,800,Arc Warden,4728,2217,11376,5465,12519,6011,11267,5495,8683,4277,5551,2715,3545,1731,1893,916,45153,"[6020, 6247, 6698, 6865, 7748, 7867, 3708]",20406,"[2755, 2835, 2976, 3055, 3515, 3641, 1629]",50,21,124,67821,"[9188, 9533, 9680, 10300, 11832, 12204, 5084]",32576,"[4411, 4614, 4697, 4889, 5722, 5840, 2403]"
114,monkey_king,agi,Melee,"['Carry', 'Escape', 'Disabler', 'Initiator']",/apps/dota2/images/dota_react/heroes/monkey_king.png?,/apps/dota2/images/dota_react/heroes/icons/monkey_king.png?,120,1.0,75,0.0,2,25,29,33,19,24,20,2.8,3.7,1.8,300,900,1.7,100,0.45,300,True,2,1800,800,Monkey King,14670,6888,37389,17185,47475,22011,50534,23794,44267,21240,31256,15200,21664,10714,14831,7588,120678,"[16103, 16631, 17124, 18248, 21260, 21989, 9323]",57423,"[7642, 7953, 8229, 8589, 10050, 10481, 4479]",370,195,512,286685,"[39017, 40586, 40930, 43127, 49131, 50803, 23091]",136229,"[18656, 19305, 19578, 20372, 23421, 23954, 10943]"
119,dark_willow,int,Ranged,"['Support', 'Nuker', 'Disabler', 'Escape']",/apps/dota2/images/dota_react/heroes/dark_willow.png?,/apps/dota2/images/dota_react/heroes/icons/dark_willow.png?,120,0.75,75,0.0,0,25,27,35,20,18,21,2.0,1.6,3.5,475,1200,1.5,115,0.3,290,True,2,1800,800,Dark Willow,9945,4714,23261,10964,28419,13578,28530,13908,24197,11788,17444,8665,11997,5812,8032,3948,80451,"[10754, 11487, 11384, 12474, 14054, 14580, 5718]",38623,"[5154, 5498, 5488, 5973, 6761, 6995, 2754]",248,114,119,164617,"[22859, 23219, 22989, 24624, 28808, 29760, 12358]",79653,"[11017, 11180, 11034, 12008, 14007, 14439, 5968]"
120,pangolier,all,Melee,"['Carry', 'Nuker', 'Disabler', 'Durable', 'Escape', 'Initiator']",/apps/dota2/images/dota_react/heroes/pangolier.png?,/apps/dota2/images/dota_react/heroes/icons/pangolier.png?,120,1.25,75,0.0,2,25,28,34,19,18,16,2.7,3.2,2.2,150,900,1.7,100,0.33,295,True,2,1800,800,Pangolier,3034,1372,8521,3887,12195,5564,14957,6817,15127,6917,12849,6098,10075,4742,7733,3664,31679,"[5749, 4356, 4325, 4573, 5237, 5250, 2189]",13855,"[2475, 1907, 1900, 2003, 2316, 2299, 955]",224,104,308,91296,"[14152, 13263, 12869, 13639, 15259, 15244, 6870]",42186,"[6483, 6070, 5963, 6441, 7061, 7078, 3090]"
121,grimstroke,int,Ranged,"['Support', 'Nuker', 'Disabler', 'Escape']",/apps/dota2/images/dota_react/heroes/grimstroke.png?,/apps/dota2/images/dota_react/heroes/icons/grimstroke.png?,120,0.25,75,0.0,0,25,21,25,21,18,25,2.4,1.9,3.8,600,900,1.7,100,0.35,290,True,0,1800,800,Grimstroke,6103,3011,17433,8735,24516,12434,26142,12936,21620,10757,14011,6833,8162,4016,3862,1850,48554,"[6736, 6814, 6758, 7370, 8520, 8894, 3462]",24356,"[3374, 3447, 3424, 3737, 4246, 4398, 1730]",180,83,59,131308,"[17908, 18295, 18675, 19635, 23339, 23806, 9650]",65331,"[8964, 9110, 9188, 9796, 11645, 11871, 4757]"
123,hoodwink,agi,Ranged,"['Support', 'Nuker', 'Escape', 'Disabler']",/apps/dota2/images/dota_react/heroes/hoodwink.png?,/apps/dota2/images/dota_react/heroes/icons/hoodwink.png?,120,0.25,75,0.0,0,25,22,29,17,25,21,2.0,3.6,2.9,575,1800,2.0,100,0.4,310,True,4,1800,800,Hoodwink,9823,4458,23607,10816,29179,13309,27853,12585,20023,9165,12322,5524,6785,3090,2815,1319,78410,"[10787, 11074, 11020, 11924, 13872, 14071, 5662]",34935,"[4883, 4863, 4910, 5370, 6229, 6175, 2505]",99,47,21,146741,"[20392, 20660, 20781, 22204, 25700, 26588, 10416]",66926,"[9222, 9405, 9579, 10074, 11812, 12090, 4744]"
126,void_spirit,all,Melee,"['Carry', 'Escape', 'Nuker', 'Disabler']",/apps/dota2/images/dota_react/heroes/void_spirit.png?,/apps/dota2/images/dota_react/heroes/icons/void_spirit.png?,120,0.25,75,0.6,-1,25,22,26,22,19,24,2.6,2.2,3.1,200,900,1.7,100,0.35,290,True,2,1800,800,Void Spirit,4132,2028,10140,4972,13446,6704,14974,7565,12606,6310,8723,4308,5554,2757,2873,1399,44342,"[5945, 6278, 6203, 6913, 7750, 7939, 3314]",21829,"[3014, 3067, 3040, 3391, 3847, 3880, 1590]",129,75,165,81383,"[11338, 11481, 11559, 12047, 14200, 14589, 6169]",40348,"[5629, 5731, 5681, 5969, 7102, 7158, 3078]"
128,snapfire,all,Ranged,"['Support', 'Nuker', 'Disabler', 'Escape']",/apps/dota2/images/dota_react/heroes/snapfire.png?,/apps/dota2/images/dota_react/heroes/icons/snapfire.png?,120,0.75,75,0.0,1,25,25,31,21,16,21,3.5,1.9,2.2,400,1800,1.8,100,0.35,300,True,2,1800,800,Snapfire,5525,2572,14407,6860,21155,9961,23327,11027,19391,9228,12528,5942,7222,3357,3779,1867,51506,"[7035, 7184, 7067, 7882, 9250, 9363, 3725]",23162,"[3178, 3225, 3139, 3491, 4189, 4233, 1707]",139,70,83,117164,"[15864, 16437, 16728, 17836, 20527, 20937, 8835]",55538,"[7533, 7917, 7898, 8476, 9552, 9967, 4195]"
129,mars,str,Melee,"['Carry', 'Initiator', 'Disabler', 'Durable']",/apps/dota2/images/dota_react/heroes/mars.png?,/apps/dota2/images/dota_react/heroes/icons/mars.png?,120,0.25,75,0.5,-1,25,26,34,23,20,21,3.7,1.7,2.2,250,900,1.8,100,0.4,310,True,2,1800,800,Mars,5245,2468,18089,8423,31244,14634,42432,20193,42140,20121,32505,15533,23150,10992,14908,7033,65839,"[9060, 9066, 9080, 9934, 11487, 12186, 5026]",32392,"[4499, 4485, 4408, 4932, 5655, 5946, 2467]",358,177,238,221516,"[31165, 31594, 31179, 32501, 37786, 39882, 17409]",105097,"[14834, 15006, 14626, 15447, 17926, 18936, 8322]"
131,ringmaster,int,Ranged,"['Support', 'Nuker', 'Escape', 'Disabler']",/apps/dota2/images/dota_react/heroes/ringmaster.png?,/apps/dota2/images/dota_react/heroes/icons/ringmaster.png?,120,0.25,75,0.0,1,25,23,33,21,13,25,2.1,1.4,3.0,575,1200,1.7,100,0.5,310,True,2,1800,800,Ring Master,3199,1455,9787,4629,15904,7437,20045,9573,19133,9050,14735,7217,10794,5213,7518,3735,37597,"[5253, 5289, 5268, 5874, 6570, 6762, 2581]",16985,"[2325, 2414, 2380, 2633, 3038, 3037, 1158]",154,76,61,106554,"[15293, 15105, 14976, 15875, 18168, 19151, 7986]",50803,"[7331, 7212, 7070, 7578, 8651, 9132, 3829]"
135,dawnbreaker,str,Melee,"['Carry', 'Durable']",/apps/dota2/images/dota_react/heroes/dawnbreaker.png?,/apps/dota2/images/dota_react/heroes/icons/dawnbreaker.png?,120,0.5,75,0.0,2,25,29,33,25,14,20,3.4,1.7,2.0,150,900,1.7,100,0.46,300,True,2,1800,800,Dawnbreaker,5396,2631,16743,8475,27850,14078,35170,17724,33832,17073,26974,13840,19589,10083,12087,6264,47306,"[6353, 6644, 6621, 7238, 8469, 8543, 3438]",23458,"[3200, 3234, 3322, 3583, 4209, 4230, 1680]",326,165,352,188146,"[26377, 26724, 26349, 28463, 32880, 33514, 13839]",95556,"[13378, 13460, 13268, 14459, 16746, 17177, 7068]"
136,marci,all,Melee,"['Support', 'Carry', 'Initiator', 'Disabler', 'Escape']",/apps/dota2/images/dota_react/heroes/marci.png?,/apps/dota2/images/dota_react/heroes/icons/marci.png?,120,0.25,75,0.0,0,25,29,33,23,20,19,3.0,1.8,1.9,150,0,1.7,100,0.3,315,True,2,1800,800,Marci,8361,3845,21389,9962,30040,13876,35347,16409,32736,15108,24428,11173,17155,8011,12405,5795,70279,"[9908, 9955, 9785, 10924, 12287, 12420, 5000]",30834,"[4342, 4375, 4360, 4734, 5344, 5427, 2252]",248,109,254,197661,"[28441, 28203, 28206, 30155, 34617, 33812, 14227]",91664,"[13207, 13192, 13078, 13860, 16047, 15665, 6615]"
137,primal_beast,str,Melee,"['Initiator', 'Durable', 'Disabler']",/apps/dota2/images/dota_react/heroes/primal_beast.png?,/apps/dota2/images/dota_react/heroes/icons/primal_beast.png?,120,0.25,75,0.0,2,25,36,38,26,15,16,4.3,1.0,1.7,150,900,1.8,100,0.6,305,True,2,1800,800,Primal Beast,3420,1571,8923,4177,11038,5054,11356,5212,9245,4300,6142,2861,3887,1749,2541,1233,36000,"[4685, 5010, 4964, 5597, 6509, 6519, 2716]",17340,"[2250, 2415, 2448, 2650, 3129, 3122, 1326]",92,48,79,63490,"[8906, 9203, 8846, 9411, 11011, 11344, 4769]",29310,"[4122, 4289, 4148, 4333, 5066, 5177, 2175]"
138,muerta,int,Ranged,"['Carry', 'Nuker', 'Disabler']",/apps/dota2/images/dota_react/heroes/muerta.png?,/apps/dota2/images/dota_react/heroes/icons/muerta.png?,120,0.25,75,0.0,0,25,24,32,19,20,23,2.0,2.7,3.4,575,3000,1.7,115,0.35,295,True,2,1800,800,Muerta,7583,3561,17584,8421,25051,12048,31026,14705,30658,14491,24881,11671,18070,8708,12220,5805,80309,"[12439, 11473, 11068, 12038, 13954, 13850, 5487]",41207,"[6436, 5855, 5611, 6182, 7218, 7072, 2833]",314,158,200,179515,"[27194, 26403, 25085, 26202, 30649, 30795, 13187]",85639,"[12981, 12556, 12036, 12564, 14481, 14644, 6377]"
145,kez,agi,Melee,"['Carry', 'Escape', 'Disabler']",/apps/dota2/images/dota_react/heroes/kez.png?,/apps/dota2/images/dota_react/heroes/icons/kez.png?,120,1.0,75,0.0,1,25,23,29,19,27,18,2.6,3.5,1.7,225,900,2.0,100,0.35,315,False,2,1800,800,Kez,6005,2698,12914,5782,17091,7684,18235,8148,15968,7190,12216,5570,8213,3878,5013,2325,58361,"[7123, 7287, 7504, 9609, 11016, 11250, 4572]",26557,"[3266, 3326, 3402, 4390, 4985, 5092, 2096]",22,10,20,104927,"[12408, 12790, 13105, 17866, 19782, 20300, 8676]",47587,"[5689, 5982, 5953, 7991, 8784, 9133, 4055]"
